id,name,entity_type,description,influence_score
ent_BRA,BRAZIL,country,BRAZIL (BRA),0.304
ent_GOV,MINIST OF CITIES,country,MINIST OF CITIES (Unknown),0.651
ent_IRN,IRAN,country,IRAN (IRN),0.619
ent_ISR,ISRAEL,country,ISRAEL (ISR),0.463
ent_MIL,ARMY,country,ARMY (Unknown),0.402
ent_UAF,TERRORIST,country,TERRORIST (Unknown),0.317
ent_QAT,QATAR,country,QATAR (QAT),0.319
ent_PSE,GAZA,country,GAZA (PSE),0.317
ent_USAMED,THE ASSOCIATED PRESS,organization,THE ASSOCIATED PRESS (USA),0.321
ent_BUS,INVESTOR,country,INVESTOR (Unknown),0.429
ent_LEG,CONGRESS,country,CONGRESS (Unknown),0.387
ent_PTY,PARTY LEADER,country,PARTY LEADER (Unknown),0.309
ent_EDU,STUDENT,country,STUDENT (Unknown),0.402
ent_OPP,PROTESTER,country,PROTESTER (Unknown),0.323
ent_GBRBUS,UNITED KINGDOM,organization,UNITED KINGDOM (GBR),0.302
ent_BHR,BAHRAIN,country,BAHRAIN (BHR),0.313
ent_JOR,JORDAN,country,JORDAN (JOR),0.308
ent_ISRGOV,ISRAEL,government,ISRAEL (ISR),0.309
ent_AFR,AFRICA,country,AFRICA (AFR),0.318
ent_NGA,PORT HARCOURT,country,PORT HARCOURT (NGA),0.327
ent_AFG,AFGHANISTAN,country,AFGHANISTAN (AFG),0.315
ent_ARE,DUBAI,country,DUBAI (ARE),0.331
ent_AUS,AUSTRALIA,country,AUSTRALIA (AUS),0.355
ent_AUSBUS,AUSTRALIA,organization,AUSTRALIA (AUS),0.301
ent_AZE,AZERBAIJAN,country,AZERBAIJAN (AZE),0.308
ent_BUSEDU,BUSINESS,organization,BUSINESS (Unknown),0.3
ent_CAN,ONTARIO,country,ONTARIO (CAN),0.358
ent_CHN,SIAN,country,SIAN (CHN),0.348
ent_COL,COLOMBIA,country,COLOMBIA (COL),0.304
ent_COP,ARMED POLICE,country,ARMED POLICE (Unknown),0.409
ent_CVL,POPULATION,country,POPULATION (Unknown),0.423
ent_EGY,EGYPT,country,EGYPT (EGY),0.311
ent_ESP,SPANISH,country,SPANISH (ESP),0.315
ent_EUR,EUROPE,country,EUROPE (EUR),0.319
ent_GBR,UNITED KINGDOM,country,UNITED KINGDOM (GBR),0.41
ent_GBRCVL,BRITISH,organization,BRITISH (GBR),0.303
ent_GBRGOV,UNITED KINGDOM,government,UNITED KINGDOM (GBR),0.31
ent_GBRREF,BRITISH,organization,BRITISH (GBR),0.3
ent_IGOEUREEC,THE EUROPEAN UNION,organization,THE EUROPEAN UNION (EUR),0.311
ent_IGOEUREECGOV,EUROPEAN UNION,government,EUROPEAN UNION (EUR),0.301
ent_IND,BHOPAL,country,BHOPAL (IND),0.331
ent_IRNGOV,IRANIAN,government,IRANIAN (IRN),0.328
ent_IRQ,IRAQ,country,IRAQ (IRQ),0.32
ent_IRQMIL,IRAQ,military,IRAQ (IRQ),0.301
ent_ISL,REYKJAVIK,country,REYKJAVIK (ISL),0.3
ent_ISRCVL,ISRAEL,organization,ISRAEL (ISR),0.301
ent_JUD,LAWYER,country,LAWYER (Unknown),0.385
ent_KWT,KUWAIT,country,KUWAIT (KWT),0.313
ent_LBN,BEIRUT,country,BEIRUT (LBN),0.336
ent_MNCUSA,DISNEY,organization,DISNEY (USA),0.313
ent_MOS,IMAM,country,IMAM (Unknown),0.315
ent_NGO,SPECIAL OLYMPICS,country,SPECIAL OLYMPICS (Unknown),0.301
ent_OMN,OMAN,country,OMAN (OMN),0.307
ent_PRTELI,ANTONIO GUTERRES,organization,ANTONIO GUTERRES (PRT),0.301
ent_REB,FREEDOM FIGHTER,country,FREEDOM FIGHTER (Unknown),0.304
ent_RUS,RUSSIA,country,RUSSIA (RUS),0.342
ent_SAS,BRAHMIN,country,BRAHMIN (SAS),0.301
ent_SPY,OPERATIVE,country,OPERATIVE (Unknown),0.312
ent_UIS,THE INTERNATIONAL COMMUNITY,country,THE INTERNATIONAL COMMUNITY (Unknown),0.301
ent_USA,UNITED STATES,country,UNITED STATES (USA),1.0
ent_USAGOV,UNITED STATES,government,UNITED STATES (USA),0.36
ent_USAMIL,A US,military,A US (USA),0.311
ent_PAK,PAKISTAN,country,PAKISTAN (PAK),0.33
ent_SAU,SAUDI ARABIA,country,SAUDI ARABIA (SAU),0.323
ent_TURGOV,TURKEY,government,TURKEY (TUR),0.302
ent_AFGINSTAL,TALIBAN,organization,TALIBAN (AFG),0.302
ent_AFGINSTALCOP,TALIBAN,organization,TALIBAN (AFG),0.3
ent_AFGINSTALUAF,TALIBAN,organization,TALIBAN (AFG),0.3
ent_NGAGOV,ATIKU ABUBAKAR,government,ATIKU ABUBAKAR (NGA),0.304
ent_AFRCHR,AFRICA,organization,AFRICA (AFR),0.3
ent_AGR,FARMER,country,FARMER (Unknown),0.307
ent_PAKCVL,PAKISTAN,organization,PAKISTAN (PAK),0.3
ent_QATGOV,QATAR,government,QATAR (QAT),0.302
ent_AUSAGR,AUSTRALIA,organization,AUSTRALIA (AUS),0.3
ent_AUSGOV,AUSTRALIAN,government,AUSTRALIAN (AUS),0.304
ent_AUSGOVBUS,ANTHONY ALBANESE,organization,ANTHONY ALBANESE (AUS),0.301
ent_AUT,VIENNA,country,VIENNA (AUT),0.302
ent_IGOUNO,UNITED NATIONS,organization,UNITED NATIONS (Unknown),0.308
ent_FRA,FRANCE,country,FRANCE (FRA),0.335
ent_BHRGOV,BAHRAIN,government,BAHRAIN (BHR),0.301
ent_LBNGOV,LEBANON,government,LEBANON (LBN),0.303
ent_SYRGOV,BASHAR AL ASSAD,government,BASHAR AL ASSAD (SYR),0.3
ent_COPGOV,DEPUTY,government,DEPUTY (Unknown),0.302
ent_LAB,EMPLOYEE,country,EMPLOYEE (Unknown),0.322
ent_BUSCVL,BUSINESS,organization,BUSINESS (Unknown),0.3
ent_BUSGOV,BANK,government,BANK (Unknown),0.301
ent_CANGOV,CANADA,government,CANADA (CAN),0.304
ent_CANGOVHRI,JEAN AUGUSTINE,organization,JEAN AUGUSTINE (CAN),0.3
ent_CANMIL,CANADIAN,military,CANADIAN (CAN),0.3
ent_CHE,SWITZERLAND,country,SWITZERLAND (CHE),0.306
ent_DEU,GERMAN,country,GERMAN (DEU),0.325
ent_DEUGOV,GERMAN,government,GERMAN (DEU),0.303
ent_CHR,CHRISTIAN,country,CHRISTIAN (Unknown),0.306
ent_CHRCVL,CHRISTIAN,organization,CHRISTIAN (Unknown),0.3
ent_CHRMAR,MARONITE,organization,MARONITE (MAR),0.3
ent_CHRPRO332,CHRISTIAN CHURCH,organization,CHRISTIAN CHURCH (Unknown),0.3
ent_COG,CONGO,country,CONGO (COG),0.301
ent_GRC,ATHENS,country,ATHENS (GRC),0.309
ent_USABUS,UNITED STATES,organization,UNITED STATES (USA),0.303
ent_CRM,CRIMINAL,country,CRIMINAL (Unknown),0.328
ent_REL,SAINT,country,SAINT (Unknown),0.311
ent_CUB,CUBAN,country,CUBAN (CUB),0.315
ent_VENGOVMIL,VENEZUELA,military,VENEZUELA (VEN),0.3
ent_GBRPCN,PITCAIRN,organization,PITCAIRN (GBR),0.3
ent_NGACVL,NIGERIA,organization,NIGERIA (NGA),0.3
ent_SASCVL,BRAHMIN,organization,BRAHMIN (SAS),0.3
ent_idg,INDIGENOUS,organization,INDIGENOUS (Unknown),0.302
ent_CZE,CZECH REPUBLIC,country,CZECH REPUBLIC (CZE),0.301
ent_NGAMIL,NIGERIAN,military,NIGERIAN (NGA),0.301
ent_EGYGOV,EGYPT,government,EGYPT (EGY),0.301
ent_FRAGOV,FRANCE,government,FRANCE (FRA),0.305
ent_IGOUNOGOV,UNITED NATIONS,government,UNITED NATIONS (Unknown),0.301
ent_MED,MEDIA,country,MEDIA (Unknown),0.375
ent_THA,THAILAND,country,THAILAND (THA),0.306
ent_HLH,HOSPITAL,country,HOSPITAL (Unknown),0.328
ent_IRNCVL,IRANIAN,organization,IRANIAN (IRN),0.302
ent_MNCUSAMED,GOOGLE,organization,GOOGLE (USA),0.305
ent_NZL,KIWI,country,KIWI (NZL),0.311
ent_OMNGOV,OMAN,government,OMAN (OMN),0.301
ent_PRK,NORTH KOREA,country,NORTH KOREA (PRK),0.305
ent_VEN,VENEZUELA,country,VENEZUELA (VEN),0.309
ent_ran,RANA,organization,RANA (Unknown),0.301
ent_GOVEDU,PRESIDENT,organization,PRESIDENT (Unknown),0.303
ent_GOVMED,STATE MEDIA,organization,STATE MEDIA (Unknown),0.302
ent_GOVMIL,DEFENCE MINIST,military,DEFENCE MINIST (Unknown),0.309
ent_DEUGOVLAB,URSULA VON DER LEYEN,organization,URSULA VON DER LEYEN (DEU),0.3
ent_IGOMEAARL,ARAB LEAGUE,organization,ARAB LEAGUE (MEA),0.301
ent_IGOPGSGCC,GULF COOPERATION COUNCIL,organization,GULF COOPERATION COUNCIL (PGS),0.3
ent_QATMED,AL JAZEERA,organization,AL JAZEERA (QAT),0.302
ent_IGOUNOIAE,INTERNATIONAL ATOMIC ENERGY AGENCY,organization,INTERNATIONAL ATOMIC ENERGY AGENCY (Unknown),0.301
ent_INDCVL,BIHAR,organization,BIHAR (IND),0.3
ent_INDGOVHLH,GHULAM NABI AZAD,organization,GHULAM NABI AZAD (IND),0.3
ent_DJI,DJIBOUTI,country,DJIBOUTI (DJI),0.302
ent_IRNEDU,TEHRAN,organization,TEHRAN (IRN),0.301
ent_IRNELI,RAFSANJANI,organization,RAFSANJANI (IRN),0.3
ent_IRNGOVMED,IRAN,organization,IRAN (IRN),0.302
ent_IRNMED,TEHRAN,organization,TEHRAN (IRN),0.302
ent_IRNMIL,IRAN,military,IRAN (IRN),0.307
ent_IRNMOS,IRAN,organization,IRAN (IRN),0.302
ent_ISRGOVMIL,ISRAELI,military,ISRAELI (ISR),0.302
ent_ISRMED,JERUSALEM POST,organization,JERUSALEM POST (ISR),0.301
ent_ISRMIL,ISRAEL,military,ISRAEL (ISR),0.315
ent_JORELI,HASSAN,organization,HASSAN (JOR),0.301
ent_MOSSHI,SHIA,organization,SHIA (Unknown),0.302
ent_MOSSUN,SUNNI,organization,SUNNI (Unknown),0.3
ent_NGOHLHIRC,RED CRESCENT,organization,RED CRESCENT (Unknown),0.301
ent_SYR,SYRIA,country,SYRIA (SYR),0.306
ent_IRNGOVMIL,IRAN,military,IRAN (IRN),0.301
ent_IRNJUD,IRANIAN,organization,IRANIAN (IRN),0.3
ent_IRNLEG,IRAN,organization,IRAN (IRN),0.302
ent_IRNOPP,IRAN,organization,IRAN (IRN),0.301
ent_MDV,MALDIVE,country,MALDIVE (MDV),0.303
ent_ISRUAF,ISRAEL,organization,ISRAEL (ISR),0.3
ent_ISRCOP,ISRAEL,organization,ISRAEL (ISR),0.3
ent_UAFGOV,TERRORIST,government,TERRORIST (Unknown),0.3
ent_JEW,JEWISH,country,JEWISH (Unknown),0.306
ent_JORGOV,JORDANIAN,government,JORDANIAN (JOR),0.3
ent_JPN,JAPANESE,country,JAPANESE (JPN),0.317
ent_KWTGOV,KUWAIT,government,KUWAIT (KWT),0.301
ent_MYS,SABAH,country,SABAH (MYS),0.304
ent_TUR,TURKISH,country,TURKISH (TUR),0.317
ent_TURBUS,TURKEY,organization,TURKEY (TUR),0.3
ent_KWTBUS,KUWAIT,organization,KUWAIT (KWT),0.3
ent_KWTGOVMIL,KUWAIT,military,KUWAIT (KWT),0.3
ent_LABGOV,EMPLOYEE,government,EMPLOYEE (Unknown),0.3
ent_INDGOV,HARYANA,government,HARYANA (IND),0.303
ent_ISRREF,ISRAEL,organization,ISRAEL (ISR),0.3
ent_PSEREF,PALESTINIAN,organization,PALESTINIAN (PSE),0.3
ent_SEP,LIBERATION MOVEMENT,country,LIBERATION MOVEMENT (Unknown),0.301
ent_LEGGOV,SENATE,government,SENATE (Unknown),0.3
ent_MAR,MOROCCO,country,MOROCCO (MAR),0.303
ent_MEDBUS,MEDIA,organization,MEDIA (Unknown),0.301
ent_MEDGOV,SPOKESMAN,government,SPOKESMAN (Unknown),0.3
ent_MEX,JUAREZ,country,JUAREZ (MEX),0.308
ent_MNCCAN,TESCO,organization,TESCO (CAN),0.301
ent_MOSGOV,ISLAMIC,government,ISLAMIC (Unknown),0.3
ent_MWI,MALAWI,country,MALAWI (MWI),0.301
ent_NGAELI,OLUSEGUN OBASANJO,organization,OLUSEGUN OBASANJO (NGA),0.301
ent_NGOHRIHRW,HUMAN RIGHTS WATCH,organization,HUMAN RIGHTS WATCH (Unknown),0.3
ent_NLD,DUTCH,country,DUTCH (NLD),0.306
ent_NLDBUS,DUTCH,organization,DUTCH (NLD),0.3
ent_NOR,NORWEGIAN,country,NORWEGIAN (NOR),0.305
ent_NORGOV,NORWAY,government,NORWAY (NOR),0.301
ent_NZLGOV,NEW ZEALAND,government,NEW ZEALAND (NZL),0.3
ent_SPYGOV,INTELLIGENCE,government,INTELLIGENCE (Unknown),0.301
ent_PAKMIL,PAKISTAN,military,PAKISTAN (PAK),0.301
ent_QATGOVMIL,QATAR,military,QATAR (QAT),0.3
ent_RUSGOV,VLADIMIR PUTIN,government,VLADIMIR PUTIN (RUS),0.305
ent_RUSGOVMED,RUSSIA,organization,RUSSIA (RUS),0.3
ent_SAUGOV,SAUDI ARABIA,government,SAUDI ARABIA (SAU),0.304
ent_TUN,TUNISIA,country,TUNISIA (TUN),0.3
ent_HND,HONDURAS,country,HONDURAS (HND),0.301
ent_USAEDU,SAN DIEGO,organization,SAN DIEGO (USA),0.313
ent_USALEG,UNITED STATES,organization,UNITED STATES (USA),0.31
ent_mus,MUSCOGEE,organization,MUSCOGEE (Unknown),0.3
ent_USACOP,UNITED STATES,organization,UNITED STATES (USA),0.312
ent_USACVL,UNITED STATES,organization,UNITED STATES (USA),0.31
ent_VAT,VATICAN,country,VATICAN (VAT),0.302
ent_VENCVL,VENEZUELAN,organization,VENEZUELAN (VEN),0.3
ent_VENGOV,VENEZUELA,government,VENEZUELA (VEN),0.301
ent_YEMREB,YEMEN,organization,YEMEN (YEM),0.3
ent_bal,BALOCH,organization,BALOCH (Unknown),0.3
ent_mal,MALAYALAM,organization,MALAYALAM (Unknown),0.3
ent_SIKOPP,SIKH,organization,SIKH (Unknown),0.3
ent_AREGOV,ABU DHABI,government,ABU DHABI (ARE),0.302
ent_HIN,HINDU,country,HINDU (Unknown),0.301
ent_INDBUS,MUMBAI,organization,MUMBAI (IND),0.3
ent_MEA,ARABIAN SEA,country,ARABIAN SEA (MEA),0.3
ent_UKR,KHARKIV,country,KHARKIV (UKR),0.328
ent_ARBUIS,GULF ARAB STATE,organization,GULF ARAB STATE (Unknown),0.301
ent_BHRMIL,BAHRAIN,military,BAHRAIN (BHR),0.3
ent_NRMSYN010,ASTARA,organization,ASTARA (Unknown),0.3
ent_BGD,BANGLADESH,country,BANGLADESH (BGD),0.306
ent_BGDELI,DHAKA,organization,DHAKA (BGD),0.3
ent_BGDGOV,BANGLADESH,government,BANGLADESH (BGD),0.301
ent_BGDLEG,BANGLADESH,organization,BANGLADESH (BGD),0.3
ent_KHM,CAMBODIAN,country,CAMBODIAN (KHM),0.302
ent_CHL,CHILEAN,country,CHILEAN (CHL),0.302
ent_CHNGOV,CHINESE,government,CHINESE (CHN),0.304
ent_CVLCVL,CIVILIAN,organization,CIVILIAN (Unknown),0.301
ent_PAKHLH,KARACHI,organization,KARACHI (PAK),0.3
ent_PAKOPP,PAKISTAN,organization,PAKISTAN (PAK),0.3
ent_CYP,CYPRUS,country,CYPRUS (CYP),0.309
ent_DZA,ALGIERS,country,ALGIERS (DZA),0.301
ent_DZAELI,ALGERIAN,organization,ALGERIAN (DZA),0.3
ent_DZAGOV,ALGERIAN,government,ALGERIAN (DZA),0.3
ent_DZAGOVMIL,ALGERIA,military,ALGERIA (DZA),0.3
ent_MARCRM,MOROCCO,organization,MOROCCO (MAR),0.3
ent_IRL,IRELAND,country,IRELAND (IRL),0.323
ent_IRLEDU,DUBLIN,organization,DUBLIN (IRL),0.3
ent_FRACRM,FRANCE,organization,FRANCE (FRA),0.3
ent_GBREDU,LONDON,organization,LONDON (GBR),0.301
ent_GBRGOVMIL,UNITED KINGDOM,military,UNITED KINGDOM (GBR),0.301
ent_IGOUNOKID,RALPH FIENNES,organization,RALPH FIENNES (Unknown),0.301
ent_GBRAGR,UNITED KINGDOM,organization,UNITED KINGDOM (GBR),0.3
ent_LBNCVL,LEBANON,organization,LEBANON (LBN),0.301
ent_NGAEDU,NIGERIA,organization,NIGERIA (NGA),0.301
ent_UZB,UZBEKISTAN,country,UZBEKISTAN (UZB),0.301
ent_UZBGOV,UZBEKISTAN,government,UZBEKISTAN (UZB),0.3
ent_GOVCOP,INSPECTOR GENERAL,organization,INSPECTOR GENERAL (Unknown),0.302
ent_HRI,RIGHTS GROUP,country,RIGHTS GROUP (Unknown),0.301
ent_INDMIL,CHHATTISGARH,military,CHHATTISGARH (IND),0.3
ent_INDCOP,GWALIOR,organization,GWALIOR (IND),0.301
ent_IRNCOP,IRAN,organization,IRAN (IRN),0.302
ent_OPPPTY,REFORMIST,organization,REFORMIST (Unknown),0.3
ent_IRNBUS,IRANIAN,organization,IRANIAN (IRN),0.3
ent_ISRMILSPY,ISRAELI,organization,ISRAELI (ISR),0.3
ent_JAM,JAMAICA,country,JAMAICA (JAM),0.303
ent_KHMMED,CAMBODIA,organization,CAMBODIA (KHM),0.3
ent_MOSSHICVL,SHIA,organization,SHIA (Unknown),0.3
ent_NGAMED,NIGERIAN,organization,NIGERIAN (NGA),0.3
ent_sag,SANGO,organization,SANGO (Unknown),0.3
ent_OMNGOVMED,OMAN,organization,OMAN (OMN),0.3
ent_PAKGOV,LAHORE,government,LAHORE (PAK),0.303
ent_PSEREB,HAMAS,organization,HAMAS (PSE),0.303
ent_REFLAB,EXPATRIATE,organization,EXPATRIATE (Unknown),0.3
ent_UKRCVL,UKRAINE,organization,UKRAINE (UKR),0.301
ent_UKRMIL,UKRAINE,military,UKRAINE (UKR),0.301
ent_USAELI,GEORGE W. BUSH,organization,GEORGE W. BUSH (USA),0.302
ent_USAGOVMIL,UNITED STATES,military,UNITED STATES (USA),0.301
ent_USAMOS,UNITED STATES,organization,UNITED STATES (USA),0.3
ent_ZAF,SOUTH AFRICAN,country,SOUTH AFRICAN (ZAF),0.304
ent_sen,SENA,organization,SENA (Unknown),0.3
ent_AFGGOV,AFGHANISTAN,government,AFGHANISTAN (AFG),0.301
ent_BLZ,BELIZE,country,BELIZE (BLZ),0.301
ent_DNK,COPENHAGEN,country,COPENHAGEN (DNK),0.303
ent_ITA,ITALY,country,ITALY (ITA),0.314
ent_MNCHKG,LENOVO,organization,LENOVO (HKG),0.3
ent_AFGCVL,AFGHANISTAN,organization,AFGHANISTAN (AFG),0.3
ent_AFGINSTALGOV,TALIBAN,government,TALIBAN (AFG),0.3
ent_AFGELI,AFGHANISTAN,organization,AFGHANISTAN (AFG),0.3
ent_ALB,ALBANIA,country,ALBANIA (ALB),0.301
ent_PGS,PERSIAN GULF,country,PERSIAN GULF (PGS),0.303
ent_AREMED,DUBAI,organization,DUBAI (ARE),0.301
ent_AUSELIGOV,JOHN HOWARD,government,JOHN HOWARD (AUS),0.3
ent_AUSGOVMIL,AUSTRALIA,military,AUSTRALIA (AUS),0.3
ent_BEL,BRUSSELS,country,BRUSSELS (BEL),0.305
ent_ELI,ACTOR,country,ACTOR (Unknown),0.313
ent_CANCOP,CANADA,organization,CANADA (CAN),0.301
ent_CANGOVBUS,MARK CARNEY,organization,MARK CARNEY (CAN),0.303
ent_CHRREL,CHRISTIAN,organization,CHRISTIAN (Unknown),0.3
ent_MNCJPN,HONDA,organization,HONDA (JPN),0.302
ent_SET,SETTLER,country,SETTLER (Unknown),0.301
ent_DNKGRL,GREENLAND,organization,GREENLAND (DNK),0.302
ent_CVLEDU,COMMUNITY,organization,COMMUNITY (Unknown),0.301
ent_FIN,FINN,country,FINN (FIN),0.303
ent_GBRMED,BRITISH,organization,BRITISH (GBR),0.301
ent_CVLLEG,COMMUNITY,organization,COMMUNITY (Unknown),0.3
ent_IRLCVL,IRISH,organization,IRISH (IRL),0.301
ent_IGOWSTNAT,NATO,organization,NATO (WST),0.306
ent_per,PERSIAN,organization,PERSIAN (Unknown),0.301
ent_IRNRAD,IRAN,organization,IRAN (IRN),0.3
ent_ISRLEG,ISRAEL,organization,ISRAEL (ISR),0.3
ent_LEGSPY,SENATE,organization,SENATE (Unknown),0.3
ent_FJIGOVELI,VOREQE BAINIMARAMA,organization,VOREQE BAINIMARAMA (FJI),0.3
ent_KAZ,KAZAKHSTAN,country,KAZAKHSTAN (KAZ),0.302
ent_MEXMIL,MEXICAN,military,MEXICAN (MEX),0.3
ent_UISWAFGOV,THE WEST AFRICAN COUNTRY,government,THE WEST AFRICAN COUNTRY (WAF),0.3
ent_NGACHR,NIGERIA,organization,NIGERIA (NGA),0.3
ent_NGALEG,NIGERIA,organization,NIGERIA (NGA),0.3
ent_NGOUSAJEW,ANTI DEFAMATION LEAGUE,organization,ANTI DEFAMATION LEAGUE (USA),0.301
ent_NZLCVL,NEW ZEALAND,organization,NEW ZEALAND (NZL),0.3
ent_PAKCOP,PAKISTANI,organization,PAKISTANI (PAK),0.3
ent_OPPBUS,ACTIVIST,organization,ACTIVIST (Unknown),0.3
ent_RAD,FANATIC,country,FANATIC (Unknown),0.301
ent_REF,EXPATRIATE,country,EXPATRIATE (Unknown),0.303
ent_EDUEDU,SCHOOL,organization,SCHOOL (Unknown),0.303
ent_USAPTY,UNITED STATES,organization,UNITED STATES (USA),0.302
ent_nai,NATIVE AMERICAN,organization,NATIVE AMERICAN (Unknown),0.3
ent_nav,NAVAJO,organization,NAVAJO (Unknown),0.3
ent_QATMIL,QATAR,military,QATAR (QAT),0.3
ent_AUSJUD,ADELAIDE,organization,ADELAIDE (AUS),0.3
ent_BMU,BERMUDA,country,BERMUDA (BMU),0.301
ent_CHRPRO210,LUTHERAN,organization,LUTHERAN (Unknown),0.3
ent_IGOWAFBUSWAS,ECOWAS,organization,ECOWAS (WAF),0.301
ent_INDGOVDEV,MADHYA PRADESH,organization,MADHYA PRADESH (IND),0.3
ent_INDHLH,BHUBANESWAR,organization,BHUBANESWAR (IND),0.301
ent_SGP,SINGAPORE,country,SINGAPORE (SGP),0.306
ent_SSD,SOUTH SUDAN,country,SOUTH SUDAN (SSD),0.302
ent_UGA,UGANDA,country,UGANDA (UGA),0.303
ent_USAHLH,OHIO,organization,OHIO (USA),0.301
ent_YEM,YEMEN,country,YEMEN (YEM),0.301
ent_scoGOV,SCOTTISH,government,SCOTTISH (Unknown),0.301
ent_GHA,GHANAIAN,country,GHANAIAN (GHA),0.306
ent_AFRGOV,AFRICA,government,AFRICA (AFR),0.3
ent_AUSCOP,AUSTRALIA,organization,AUSTRALIA (AUS),0.301
ent_AUSCVL,AUSTRALIA,organization,AUSTRALIA (AUS),0.3
ent_BHS,BAHAMA,country,BAHAMA (BHS),0.303
ent_BMUGOV,MICHAEL SCOTT,government,MICHAEL SCOTT (BMU),0.3
ent_BMULAB,BERMUDIAN,organization,BERMUDIAN (BMU),0.3
ent_MNCGBRMEDBUS,VODAFONE,organization,VODAFONE (GBR),0.3
ent_SWE,SWEDEN,country,SWEDEN (SWE),0.303
ent_TWN,TAIWAN,country,TAIWAN (TWN),0.304
ent_CHNCVL,CHINESE,organization,CHINESE (CHN),0.301
ent_CHRCTH,THE POPE,organization,THE POPE (Unknown),0.304
ent_CHRRAC020,CHRISTIAN IDENTITY,organization,CHRISTIAN IDENTITY (Unknown),0.3
ent_twi,ASHANTI,organization,ASHANTI (Unknown),0.3
ent_CYPGOV,CYPRUS,government,CYPRUS (CYP),0.301
ent_GBRMIL,UNITED KINGDOM,military,UNITED KINGDOM (GBR),0.301
ent_CYPCVL,CYPRUS,organization,CYPRUS (CYP),0.3
ent_CYPGOVMIL,CYPRUS,military,CYPRUS (CYP),0.3
ent_ESPGOV,SPAIN,government,SPAIN (ESP),0.301
ent_EURJUD,EUROPEAN,organization,EUROPEAN (EUR),0.3
ent_GHAELI,GHANAIAN,organization,GHANAIAN (GHA),0.3
ent_IDNMED,INDONESIA,organization,INDONESIA (IDN),0.3
ent_NPL,NEPAL,country,NEPAL (NPL),0.303
ent_UGAGOV,BUGANDA,government,BUGANDA (UGA),0.301
ent_ZAFGOV,SOUTH AFRICAN,government,SOUTH AFRICAN (ZAF),0.3
ent_UGAEDU,UGANDA,organization,UGANDA (UGA),0.3
ent_GOVHLH,MINIST FOR HEALTH,organization,MINIST FOR HEALTH (Unknown),0.303
ent_MILMIL,COMMANDER,military,COMMANDER (Unknown),0.303
ent_IDN,INDONESIA,country,INDONESIA (IDN),0.306
ent_KEN,NAIROBI,country,NAIROBI (KEN),0.306
ent_IRLGOV,IRELAND,government,IRELAND (IRL),0.301
ent_IRNSPY,IRANIAN,organization,IRANIAN (IRN),0.301
ent_KAZMED,ASTANA,organization,ASTANA (KAZ),0.3
ent_LBNGOVHLH,LEBANON,organization,LEBANON (LBN),0.302
ent_JPNGOV,JAPANESE,government,JAPANESE (JPN),0.302
ent_KWTMIL,KUWAIT,military,KUWAIT (KWT),0.301
ent_MLT,MALTA,country,MALTA (MLT),0.301
ent_LABLEG,TRADES UNION,organization,TRADES UNION (Unknown),0.3
ent_LBNUAF,LEBANON,organization,LEBANON (LBN),0.301
ent_LBY,LIBYAN,country,LIBYAN (LBY),0.302
ent_LBYUAF,LIBYA,organization,LIBYA (LBY),0.3
ent_MILGOV,LIEUTENANT,government,LIEUTENANT (Unknown),0.301
ent_NRMRAC020,CREATIVITY,organization,CREATIVITY (Unknown),0.301
ent_POL,POLSKA,country,POLSKA (POL),0.303
ent_RUSGOVMIL,RUSSIAN,military,RUSSIAN (RUS),0.3
ent_SIK,SIKH,country,SIKH (Unknown),0.301
ent_TCD,CHAD,country,CHAD (TCD),0.302
ent_UGACOP,UGANDA,organization,UGANDA (UGA),0.3
ent_USAJUD,UNITED STATES,organization,UNITED STATES (USA),0.313
ent_afa,AFRICANS,organization,AFRICANS (Unknown),0.3
ent_ZWE,HARARE,country,HARARE (ZWE),0.303
ent_mnc,MANCHU,organization,MANCHU (Unknown),0.3
ent_nep,NEPALI,organization,NEPALI (Unknown),0.301
ent_sco,SCOTTISH,organization,SCOTTISH (Unknown),0.302
ent_IGOUNOHLHWHO,WORLD HEALTH ORGANIZATION,organization,WORLD HEALTH ORGANIZATION (Unknown),0.301
ent_NMR,NORTH AMERICA,country,NORTH AMERICA (NMR),0.302
ent_UKRREF,UKRAINIAN,organization,UKRAINIAN (UKR),0.3
ent_INDJUD,MADRAS,organization,MADRAS (IND),0.301
ent_ARG,ARGENTINA,country,ARGENTINA (ARG),0.303
ent_CHRPRO,METHODIST CHURCH,organization,METHODIST CHURCH (Unknown),0.301
ent_GRD,GRENADA,country,GRENADA (GRD),0.3
ent_ITAMED,ITALIAN,organization,ITALIAN (ITA),0.3
ent_MNCKOR,SAMSUNG,organization,SAMSUNG (KOR),0.301
ent_PHL,LUZON,country,LUZON (PHL),0.306
ent_USAGOVMEDJUD,SEAN MCCORMACK,organization,SEAN MCCORMACK (USA),0.3
ent_VNM,VIETNAM,country,VIETNAM (VNM),0.307
ent_ARECVL,DUBAI,organization,DUBAI (ARE),0.3
ent_ARM,ARMENIA,country,ARMENIA (ARM),0.302
ent_AUSMED,AUSTRALIAN,organization,AUSTRALIAN (AUS),0.3
ent_AUSELI,JOHN HOWARD,organization,JOHN HOWARD (AUS),0.3
ent_BLZGOV,BELIZE,government,BELIZE (BLZ),0.301
ent_BLZMIL,BELIZE,military,BELIZE (BLZ),0.3
ent_SLVMIL,EL SALVADOR,military,EL SALVADOR (SLV),0.3
ent_BUSMED,BUSINESS,organization,BUSINESS (Unknown),0.301
ent_CANLEG,CANADA,organization,CANADA (CAN),0.3
ent_CANBUS,CANADA,organization,CANADA (CAN),0.301
ent_CANJUD,CANADA,organization,CANADA (CAN),0.301
ent_CHNBUS,CHINESE,organization,CHINESE (CHN),0.3
ent_CHRPRO300,PRESBYTERIAN,organization,PRESBYTERIAN (Unknown),0.3
ent_COK,COOK ISLANDER,country,COOK ISLANDER (COK),0.3
ent_LAO,VIENTIANE,country,VIENTIANE (LAO),0.301
ent_MNCUSABUS,JETBLUE,organization,JETBLUE (USA),0.3
ent_iro,IROQUOIS,organization,IROQUOIS (Unknown),0.3
ent_CVLCOP,CIVILIAN,organization,CIVILIAN (Unknown),0.3
ent_JEWCVL,JEWISH,organization,JEWISH (Unknown),0.302
ent_CHEGOV,SWITZERLAND,government,SWITZERLAND (CHE),0.301
ent_GOVBUS,STATE OWNED ENTERPRISE,organization,STATE OWNED ENTERPRISE (Unknown),0.301
ent_LBNLEG,LEBANON,organization,LEBANON (LBN),0.3
ent_ZMB,LUSAKA,country,LUSAKA (ZMB),0.301
ent_GOVGOV,EMBASSY,government,EMBASSY (Unknown),0.301
ent_NZLHLH,NEW ZEALAND,organization,NEW ZEALAND (NZL),0.3
ent_HTI,HAITIAN,country,HAITIAN (HTI),0.301
ent_SEACRM,DACOIT,organization,DACOIT (SEA),0.3
ent_ISRMILGOV,ISRAELI,government,ISRAELI (ISR),0.3
ent_ISRSET,ISRAEL,organization,ISRAEL (ISR),0.301
ent_JUDJUD,DISTRICT COURT,organization,DISTRICT COURT (Unknown),0.302
ent_KOR,SEOUL,country,SEOUL (KOR),0.308
ent_USAOPP,UNITED STATES,organization,UNITED STATES (USA),0.301
ent_LAOGOV,LAOS,government,LAOS (LAO),0.3
ent_NER,NIGER,country,NIGER (NER),0.3
ent_LTU,LITHUANIA,country,LITHUANIA (LTU),0.3
ent_MILCOP,MILITARY POLICE,organization,MILITARY POLICE (Unknown),0.3
ent_SAUMED,SAUDI,organization,SAUDI (SAU),0.3
ent_MOSSHIUAF,SHIITE,organization,SHIITE (Unknown),0.3
ent_NGOHRI,HUMAN RIGHTS GROUP,organization,HUMAN RIGHTS GROUP (Unknown),0.3
ent_MWICVL,MALAWIAN,organization,MALAWIAN (MWI),0.3
ent_SOMGOV,SOMALIA,government,SOMALIA (SOM),0.3
ent_COPCOP,POLICE,organization,POLICE (Unknown),0.301
ent_NGOUSA,LEAGUE OF WOMEN VOTERS,organization,LEAGUE OF WOMEN VOTERS (USA),0.301
ent_PAN,PANAMA,country,PANAMA (PAN),0.302
ent_USACRM,UNITED STATES,organization,UNITED STATES (USA),0.3
ent_USALAB,UNITED STATES,organization,UNITED STATES (USA),0.301
ent_apa,APACHE,organization,APACHE (Unknown),0.3
ent_USAGOVELI,HILLARY CLINTON,organization,HILLARY CLINTON (USA),0.3
ent_USAGOVHLH,THE WHITE HOUSE,organization,THE WHITE HOUSE (USA),0.3
ent_SCGSRB,SERBIA,organization,SERBIA (SRB),0.3
ent_USAUAF,MAINE,organization,MAINE (USA),0.3
ent_ZWECOP,SALISBURY,organization,SALISBURY (ZWE),0.3
ent_CANEDU,MCGILL,organization,MCGILL (CAN),0.301
ent_GBRCOP,SCOTLAND,organization,SCOTLAND (GBR),0.302
ent_BGDGOVLAB,BANGLADESH,organization,BANGLADESH (BGD),0.3
ent_GHACVL,GHANAIAN,organization,GHANAIAN (GHA),0.3
ent_GIN,GUINEA,country,GUINEA (GIN),0.301
ent_GOVJUD,PROSECUTOR GENERAL,organization,PROSECUTOR GENERAL (Unknown),0.3
ent_GOVLAB,LABOUR MINIST,organization,LABOUR MINIST (Unknown),0.301
ent_KNA,ST KITTS AND NEVIS,country,ST KITTS AND NEVIS (KNA),0.301
ent_MNCGRC,TSAKOS ENERGY NAVIGATION,organization,TSAKOS ENERGY NAVIGATION (GRC),0.3
ent_SEA,SOUTH EAST ASIA,country,SOUTH EAST ASIA (SEA),0.302
ent_AFGSPY,AFGHAN,organization,AFGHAN (AFG),0.3
ent_AFGMIL,AFGHAN,military,AFGHAN (AFG),0.3
ent_BRB,BRIDGETOWN,country,BRIDGETOWN (BRB),0.301
ent_IGOCRB,CARIBBEAN COMMUNITY,organization,CARIBBEAN COMMUNITY (CRB),0.3
ent_AUSGOVENV,AUSTRALIA,organization,AUSTRALIA (AUS),0.3
ent_AUTEDU,VIENNA,organization,VIENNA (AUT),0.3
ent_AZEGOVJUD,AZERBAIJAN,organization,AZERBAIJAN (AZE),0.3
ent_BGDBUS,BANGLADESH,organization,BANGLADESH (BGD),0.3
ent_BGDGOVBUS,BANGLADESH,organization,BANGLADESH (BGD),0.3
ent_GOVHRI,HUMAN RIGHTS COMMISSION,organization,HUMAN RIGHTS COMMISSION (Unknown),0.3
ent_IGOUNOCVL,UNITED NATIONS,organization,UNITED NATIONS (Unknown),0.3
ent_NGOBGDDEV,BRAC,organization,BRAC (BGD),0.3
ent_BGDEDU,BANGLADESH,organization,BANGLADESH (BGD),0.3
ent_BLR,BELARUS,country,BELARUS (BLR),0.303
ent_BLRBUS,BELARUSIAN,organization,BELARUSIAN (BLR),0.3
ent_BLRGOV,BELARUSIAN,government,BELARUSIAN (BLR),0.301
ent_NGAGOVBUS,NIGERIA,organization,NIGERIA (NGA),0.3
ent_CANHLH,MONTREAL,organization,MONTREAL (CAN),0.3
ent_DEUEDU,BRAUNSCHWEIG,organization,BRAUNSCHWEIG (DEU),0.3
ent_CODGOV,CONGOLESE,government,CONGOLESE (COD),0.3
ent_CYM,CAYMAN ISLAND,country,CAYMAN ISLAND (CYM),0.3
ent_KAZEDU,KAZAKHSTAN,organization,KAZAKHSTAN (KAZ),0.3
ent_DEUBUS,GERMANY,organization,GERMANY (DEU),0.3
ent_DEUCOP,GERMAN,organization,GERMAN (DEU),0.3
ent_ECU,ECUADOR,country,ECUADOR (ECU),0.302
ent_PRYGOV,PARAGUAY,government,PARAGUAY (PRY),0.3
ent_ESPCOP,SPAIN,organization,SPAIN (ESP),0.3
ent_MOSCVL,MUSLIM,organization,MUSLIM (Unknown),0.3
ent_GBRELI,BRITISH,organization,BRITISH (GBR),0.301
ent_GHACOP,GHANA,organization,GHANA (GHA),0.3
ent_GHAGOV,GHANA,government,GHANA (GHA),0.301
ent_GHAJUD,ACCRA,organization,ACCRA (GHA),0.3
ent_GHAMIL,GHANA,military,GHANA (GHA),0.3
ent_JPNCVL,JAPANESE,organization,JAPANESE (JPN),0.3
ent_LBR,LIBERIAN,country,LIBERIAN (LBR),0.303
ent_NAM,NAMIBIA,country,NAMIBIA (NAM),0.301
ent_GOVENV,ENVIRONMENT MINIST,organization,ENVIRONMENT MINIST (Unknown),0.3
ent_GOVGOVMIL,KINGDOM,military,KINGDOM (Unknown),0.3
ent_IGOUNODEV,UNDP,organization,UNDP (Unknown),0.3
ent_HTIREF,HAITI,organization,HAITI (HTI),0.3
ent_IGOEURCOE,COUNCIL OF EUROPE,organization,COUNCIL OF EUROPE (EUR),0.3
ent_KAZGOV,KAZAKHSTAN,government,KAZAKHSTAN (KAZ),0.3
ent_IGOUNOREFHCRMED,UNHCR,organization,UNHCR (Unknown),0.3
ent_TGO,TOGO,country,TOGO (TGO),0.3
ent_TGOGOV,TOGO,government,TOGO (TGO),0.3
ent_NLDGOV,MARK RUTTE,government,MARK RUTTE (NLD),0.301
ent_PHLGOV,PHILIPPINE,government,PHILIPPINE (PHL),0.3
ent_EURMIL,EUROPE,military,EUROPE (EUR),0.3
ent_INT,FOREIGN NATIONAL,country,FOREIGN NATIONAL (Unknown),0.301
ent_JUDMOSJUD,SHARIA COURT,organization,SHARIA COURT (Unknown),0.3
ent_AZECOP,AZERBAIJAN,organization,AZERBAIJAN (AZE),0.3
ent_IGOCAS,SHANGHAI COOPERATION ORGANIZATION,organization,SHANGHAI COOPERATION ORGANIZATION (CAS),0.3
ent_KENGOV,KENYA,government,KENYA (KEN),0.301
ent_MDA,MOLDOVA,country,MOLDOVA (MDA),0.3
ent_ROU,ROMANIA,country,ROMANIA (Unknown),0.302
ent_MDG,MADAGASCAR,country,MADAGASCAR (MDG),0.3
ent_NGOAFRHLH,MERCY SHIPS,organization,MERCY SHIPS (AFR),0.3
ent_ATH,ATHEIST,country,ATHEIST (Unknown),0.3
ent_MNCIND,RELIANCE INDUSTRIES,organization,RELIANCE INDUSTRIES (IND),0.3
ent_NLDMIL,NETHERLANDS,military,NETHERLANDS (NLD),0.3
ent_OPPLEG,THE OPPOSITION,organization,THE OPPOSITION (Unknown),0.3
ent_PAKGOVMIL,PAKISTAN,military,PAKISTAN (PAK),0.3
ent_PRT,PORTUGAL,country,PORTUGAL (PRT),0.302
ent_PRTGOV,PORTUGAL,government,PORTUGAL (PRT),0.3
ent_SASGOV,SOUTH ASIA,government,SOUTH ASIA (SAS),0.3
ent_TKM,TURKMENISTAN,country,TURKMENISTAN (TKM),0.301
ent_TON,TONGAN,country,TONGAN (TON),0.301
ent_TTO,TRINIDAD AND TOBAGO,country,TRINIDAD AND TOBAGO (TTO),0.301
ent_TZA,TANZANIA,country,TANZANIA (TZA),0.302
ent_RWAMIL,RWANDA,military,RWANDA (RWA),0.3
ent_USAGOVLAB,UNITED STATES,organization,UNITED STATES (USA),0.3
ent_USAGOVMED,US STATE DEPARTMENT,organization,US STATE DEPARTMENT (USA),0.3
ent_RWA,RWANDA,country,RWANDA (RWA),0.302
ent_RWAMED,RWANDA,organization,RWANDA (RWA),0.3
ent_ZAFGOVEDU,FREE STATE,organization,FREE STATE (ZAF),0.3
ent_NGOHRIAMN,AMNESTY INTERNATIONAL,organization,AMNESTY INTERNATIONAL (Unknown),0.301
ent_scoBUS,SCOTTISH,organization,SCOTTISH (Unknown),0.3
ent_ARGELI,ARGENTINA,organization,ARGENTINA (ARG),0.3
ent_ARGMIL,ARGENTINA,military,ARGENTINA (ARG),0.3
ent_CMR,CAMEROON,country,CAMEROON (CMR),0.301
ent_LBRGOV,LIBERIA,government,LIBERIA (LBR),0.3
ent_MNCCANMED,TELUS,organization,TELUS (CAN),0.3
ent_PSECVL,WEST BANK,organization,WEST BANK (PSE),0.3
ent_AFGGOVHLH,SURAYA DALIL,organization,SURAYA DALIL (AFG),0.3
ent_SVK,SLOVAK REPUBLIC,country,SLOVAK REPUBLIC (SVK),0.301
ent_ARGJUD,ARGENTINA,organization,ARGENTINA (ARG),0.3
ent_SAUCVL,RIYADH,organization,RIYADH (SAU),0.3
ent_ITAGOVMIL,ITALY,military,ITALY (ITA),0.3
ent_BGR,BULGARIA,country,BULGARIA (BGR),0.302
ent_CHRGOV,CHRISTIAN,government,CHRISTIAN (Unknown),0.3
ent_BUSJUD,MERCHANT,organization,MERCHANT (Unknown),0.3
ent_BUSLAB,CORPORATION,organization,CORPORATION (Unknown),0.3
ent_CANGOVMIL,CANADA,military,CANADA (CAN),0.3
ent_CANGOVLAB,CANADA,organization,CANADA (CAN),0.3
ent_NZLEDU,AUCKLAND,organization,AUCKLAND (NZL),0.3
ent_GOVEDULAB,DEPARTMENT OF EDUCATION,organization,DEPARTMENT OF EDUCATION (Unknown),0.3
ent_CUBGOV,CUBA,government,CUBA (CUB),0.302
ent_CVLMED,COMMUNITY,organization,COMMUNITY (Unknown),0.3
ent_EDUHLH,UNIVERSITY,organization,UNIVERSITY (Unknown),0.301
ent_CZECVL,CZECH,organization,CZECH (CZE),0.3
ent_RUSELI,RUSSIAN,organization,RUSSIAN (RUS),0.3
ent_FJI,FIJI,country,FIJI (FJI),0.301
ent_FRACVL,FRENCH,organization,FRENCH (FRA),0.3
ent_LABELI,EMPLOYEE,organization,EMPLOYEE (Unknown),0.3
ent_SLE,SIERRA LEONE,country,SIERRA LEONE (SLE),0.3
ent_GOVELI,FOREIGN RELATIONS COMMITTEE,organization,FOREIGN RELATIONS COMMITTEE (Unknown),0.3
ent_GRCMIL,GREECE,military,GREECE (GRC),0.3
ent_GRCGOV,GREEK,government,GREEK (GRC),0.301
ent_GUY,GEORGETOWN,country,GEORGETOWN (GUY),0.301
ent_IGOUNOMED,THE UN,organization,THE UN (Unknown),0.3
ent_IGOUNOREFHCR,UNHCR,organization,UNHCR (Unknown),0.3
ent_ESPMIL,SPAIN,military,SPAIN (ESP),0.3
ent_IRNREL,IRANIAN,organization,IRANIAN (IRN),0.3
ent_IGOUNOLEG,UNITED NATIONS,organization,UNITED NATIONS (Unknown),0.3
ent_ISREDU,ISRAEL,organization,ISRAEL (ISR),0.3
ent_ISRJUD,ISRAEL,organization,ISRAEL (ISR),0.3
ent_SHN,SHINTO,country,SHINTO (SHN),0.3
ent_LBNMIL,LEBANESE,military,LEBANESE (LBN),0.301
ent_MEDMED,MEDIA,organization,MEDIA (Unknown),0.3
ent_NGAJUD,NIGERIA,organization,NIGERIA (NGA),0.3
ent_NGOEDU,SIGMA GAMMA RHO,organization,SIGMA GAMMA RHO (Unknown),0.3
ent_IGOSEAASN,ASEAN,organization,ASEAN (SEA),0.301
ent_PSEEDU,PALESTINIAN,organization,PALESTINIAN (PSE),0.3
ent_SAUMIL,SAUDI,military,SAUDI (SAU),0.3
ent_SLV,SALVADORAN,country,SALVADORAN (SLV),0.302
ent_SVKGOV,SLOVAK,government,SLOVAK (SVK),0.3
ent_HLHHLH,NURSE,organization,NURSE (Unknown),0.3
ent_LEGJUD,LEGISLATURE,organization,LEGISLATURE (Unknown),0.3
ent_USAAGR,UNITED STATES,organization,UNITED STATES (USA),0.301
ent_pan,PUNJABI,organization,PUNJABI (Unknown),0.3
ent_GBRGOVENV,UNITED KINGDOM,organization,UNITED KINGDOM (GBR),0.3
ent_AFRBUS,AFRICA,organization,AFRICA (AFR),0.301
ent_CPV,CAPE VERDE,country,CAPE VERDE (CPV),0.301
ent_GRCCOP,GREECE,organization,GREECE (GRC),0.3
ent_LKA,SRI LANKAN,country,SRI LANKAN (LKA),0.305
ent_MNCINDMED,INFOSYS,organization,INFOSYS (IND),0.3
ent_marELI,MARATHI,organization,MARATHI (Unknown),0.3
ent_zul,ZULU,organization,ZULU (Unknown),0.3
ent_ALBGOV,ALBANIAN,government,ALBANIAN (ALB),0.3
ent_ARMLEG,ARMENIA,organization,ARMENIA (ARM),0.3
ent_AUSMIL,AUSTRALIA,military,AUSTRALIA (AUS),0.301
ent_BGDMIL,BANGLADESH,military,BANGLADESH (BGD),0.3
ent_BGRGOV,BULGARIA,government,BULGARIA (BGR),0.3
ent_BRBGOV,CHRISTOPHER SINCKLER,government,CHRISTOPHER SINCKLER (BRB),0.3
ent_NLDCOP,NETHERLANDS,organization,NETHERLANDS (NLD),0.3
ent_GRCGOVMIL,GREEK,military,GREEK (GRC),0.3
ent_ETHBUS,ETHIOPIA,organization,ETHIOPIA (ETH),0.3
ent_NIC,NICARAGUA,country,NICARAGUA (NIC),0.301
ent_USAGOVEDU,UNITED STATES,organization,UNITED STATES (USA),0.3
ent_tam,TAMIL,organization,TAMIL (Unknown),0.3
ent_ENV,ENVIRONMENTALIST,country,ENVIRONMENTALIST (Unknown),0.301
ent_EURCVL,EUROPEAN,organization,EUROPEAN (EUR),0.3
ent_FINGOVEDU,HENNA VIRKKUNEN,organization,HENNA VIRKKUNEN (FIN),0.3
ent_FRAMIL,FRENCH,military,FRENCH (FRA),0.3
ent_NGABUS,NIGERIAN,organization,NIGERIAN (NGA),0.3
ent_GBRGOVHLH,UNITED KINGDOM,organization,UNITED KINGDOM (GBR),0.3
ent_FINGOV,FINLAND,government,FINLAND (FIN),0.301
ent_IRNPTY,IRANIAN,organization,IRANIAN (IRN),0.301
ent_nepGOV,NEPALI,government,NEPALI (Unknown),0.3
ent_GRCJUD,ATHENS,organization,ATHENS (GRC),0.3
ent_sna,SHONA,organization,SHONA (Unknown),0.3
ent_HINAST700,YOGA,organization,YOGA (Unknown),0.3
ent_IDNJUD,INDONESIA,organization,INDONESIA (IDN),0.3
ent_INDEDU,TAMIL NADU,organization,TAMIL NADU (IND),0.301
ent_IRLGOVBUSELI,EAMON RYAN,organization,EAMON RYAN (IRL),0.3
ent_IRQREB,IRAQI,organization,IRAQI (IRQ),0.3
ent_ITAGOV,ITALIAN,government,ITALIAN (ITA),0.301
ent_USASPY,THE US,organization,THE US (USA),0.3
ent_ISROPP,ISRAEL,organization,ISRAEL (ISR),0.3
ent_ITAEDU,ITALY,organization,ITALY (ITA),0.3
ent_osa,OSAGE,organization,OSAGE (Unknown),0.3
ent_KENBUS,NAIROBI,organization,NAIROBI (KEN),0.3
ent_LKAMIL,SRI LANKA,military,SRI LANKA (LKA),0.301
ent_LKAGOV,SRI LANKA,government,SRI LANKA (LKA),0.301
ent_MILMED,MILITARY,organization,MILITARY (Unknown),0.3
ent_MLI,MALI,country,MALI (MLI),0.301
ent_BFA,BURKINA FASO,country,BURKINA FASO (BFA),0.3
ent_MRT,MAURITANIA,country,MAURITANIA (MRT),0.3
ent_MLTJUD,MALTA,organization,MALTA (MLT),0.3
ent_MNCCANBUS,TORONTO DOMINION,organization,TORONTO DOMINION (CAN),0.3
ent_MNCISRHLH,TEVA PHARMACEUTICAL,organization,TEVA PHARMACEUTICAL (ISR),0.3
ent_NGOUSAENV,HUMANE SOCIETY OF THE UNITED STATES,organization,HUMANE SOCIETY OF THE UNITED STATES (USA),0.3
ent_NPLCOP,NEPAL,organization,NEPAL (NPL),0.3
ent_NPLMIL,NEPAL,military,NEPAL (NPL),0.3
ent_PSEOPP,GAZA,organization,GAZA (PSE),0.3
ent_EURGOVBUS,EUROPEAN,organization,EUROPEAN (EUR),0.3
ent_SPYBUS,OPERATIVE,organization,OPERATIVE (Unknown),0.3
ent_SWEMED,SWEDEN,organization,SWEDEN (SWE),0.3
ent_THACVL,THAILAND,organization,THAILAND (THA),0.3
ent_THAGOV,THAILAND,government,THAILAND (THA),0.3
ent_TWNJUD,TAIPEI,organization,TAIPEI (TWN),0.3
ent_TWNGOV,TAIWAN,government,TAIWAN (TWN),0.3
ent_UKRGOV,UKRAINIAN,government,UKRAINIAN (UKR),0.302
ent_VENOPP,VENEZUELAN,organization,VENEZUELAN (VEN),0.3
ent_YEMGOV,YEMEN,government,YEMEN (YEM),0.3
ent_dak,SIOUX,organization,SIOUX (Unknown),0.3
ent_vil,VILI,organization,VILI (Unknown),0.3
ent_IRNREF,IRANIAN,organization,IRANIAN (IRN),0.3
ent_PNG,MANUS,country,MANUS (PNG),0.301
ent_AUSHLH,VICTORIA,organization,VICTORIA (AUS),0.3
ent_HUN,HUNGARY,country,HUNGARY (HUN),0.306
ent_MILHLH,MILITARY,organization,MILITARY (Unknown),0.3
ent_SOM,SOMALIA,country,SOMALIA (SOM),0.302
ent_GOVAGR,DEPARTMENT OF AGRICULTURE,organization,DEPARTMENT OF AGRICULTURE (Unknown),0.301
ent_AUSLEG,AUSTRALIAN,organization,AUSTRALIAN (AUS),0.301
ent_BDI,BURUNDI,country,BURUNDI (BDI),0.3
ent_BRALEG,BRAZIL,organization,BRAZIL (BRA),0.3
ent_MNCGBRBUS,RIO TINTO,organization,RIO TINTO (GBR),0.3
ent_BUSBUS,CHAMBER OF COMMERCE,organization,CHAMBER OF COMMERCE (Unknown),0.3
ent_CANCVL,CANADA,organization,CANADA (CAN),0.3
ent_chn,CHINOOK,organization,CHINOOK (Unknown),0.3
ent_CANGOVHLH,CANADA,organization,CANADA (CAN),0.3
ent_CHNEDU,CHINA,organization,CHINA (CHN),0.3
ent_CHNJUD,CHINA,organization,CHINA (CHN),0.3
ent_CHRPRO921,THE CHRISTIAN COMMUNITY,organization,THE CHRISTIAN COMMUNITY (Unknown),0.3
ent_COD,DEMOCRATIC REPUBLIC OF THE CONGO,country,DEMOCRATIC REPUBLIC OF THE CONGO (COD),0.301
ent_LCA,SAINT LUCIA,country,SAINT LUCIA (LCA),0.3
ent_MILGOVMIL,ARMY,military,ARMY (Unknown),0.3
ent_CVLHLH,COMMUNITY,organization,COMMUNITY (Unknown),0.3
ent_DEUSPY,GERMANY,organization,GERMANY (DEU),0.3
ent_MEXGOV,MEXICAN,government,MEXICAN (MEX),0.3
ent_NLDJUD,THE HAGUE,organization,THE HAGUE (NLD),0.3
ent_EURAGR,EUROPEAN,organization,EUROPEAN (EUR),0.3
ent_CRMCRM,CRIMINAL,organization,CRIMINAL (Unknown),0.3
ent_ELIMIL,RETIRED,military,RETIRED (Unknown),0.301
ent_NPLCVL,NEPAL,organization,NEPAL (NPL),0.3
ent_HUNGOV,HUNGARY,government,HUNGARY (HUN),0.302
ent_IGOUNODEVWBK,WORLD BANK,organization,WORLD BANK (Unknown),0.3
ent_JORCOP,JORDAN,organization,JORDAN (JOR),0.3
ent_IRQGOV,IRAQ,government,IRAQ (IRQ),0.301
ent_IRQUAF,IRAQ,organization,IRAQ (IRQ),0.3
ent_IRNUAF,IRAN,organization,IRAN (IRN),0.301
ent_JEWHSD010,CHABAD,organization,CHABAD (Unknown),0.3
ent_USAJEW,UNITED STATES,organization,UNITED STATES (USA),0.3
ent_GOVPTY,RULING PARTY,organization,RULING PARTY (Unknown),0.3
ent_ROUCRM,ROMANIAN,organization,ROMANIAN (Unknown),0.3
ent_MHL,MARSHALL ISLANDS,country,MARSHALL ISLANDS (MHL),0.3
ent_ECUMIL,ECUADOR,military,ECUADOR (ECU),0.3
ent_efi,EFIK,organization,EFIK (Unknown),0.3
ent_MYSHLH,MALAYSIAN,organization,MALAYSIAN (MYS),0.3
ent_AGO,ANGOLA,country,ANGOLA (AGO),0.301
ent_ZMBEDU,ZAMBIA,organization,ZAMBIA (ZMB),0.3
ent_NAMEDU,NAMIBIAN,organization,NAMIBIAN (NAM),0.3
ent_NGOBUSWEF,WORLD ECONOMIC FORUM,organization,WORLD ECONOMIC FORUM (Unknown),0.3
ent_NPLGOV,NEPAL,government,NEPAL (NPL),0.3
ent_PANGOV,PANAMA,government,PANAMA (PAN),0.3
ent_PGSGOV,PERSIAN GULF,government,PERSIAN GULF (PGS),0.3
ent_RUSMED,RUSSIA,organization,RUSSIA (RUS),0.3
ent_TURGOVMIL,TURKEY,military,TURKEY (TUR),0.3
ent_UKRMED,UKRAINE,organization,UKRAINE (UKR),0.3
ent_ECUGOV,ECUADOR,government,ECUADOR (ECU),0.3
ent_SEPUAF,SEPARATIST,organization,SEPARATIST (Unknown),0.3
ent_kur,KURD,organization,KURD (Unknown),0.301
ent_VCT,ST VINCENT,country,ST VINCENT (VCT),0.3
ent_ZMBCOP,ZAMBIA,organization,ZAMBIA (ZMB),0.3
ent_SYRCVL,SYRIA,organization,SYRIA (SYR),0.3
ent_MKD,MACEDONIA,country,MACEDONIA (MKD),0.301
ent_ESPLEG,BARCELONA,organization,BARCELONA (ESP),0.3
ent_BGRGOVMED,BULGARIAN,organization,BULGARIAN (BGR),0.3
ent_HRV,CROATIA,country,CROATIA (HRV),0.301
ent_LUX,LUXEMBOURG,country,LUXEMBOURG (LUX),0.301
ent_haw,HAWAIIAN,organization,HAWAIIAN (Unknown),0.3
ent_ETH,ETHIOPIAN,country,ETHIOPIAN (ETH),0.302
ent_ETHMED,ETHIOPIAN,organization,ETHIOPIAN (ETH),0.3
ent_EDULEG,STUDENT,organization,STUDENT (Unknown),0.3
ent_AZEGOV,AZERBAIJAN,government,AZERBAIJAN (AZE),0.301
ent_BGRLEG,BULGARIA,organization,BULGARIA (BGR),0.3
ent_CHRDOX,ORTHODOX CHRISTIAN,organization,ORTHODOX CHRISTIAN (Unknown),0.3
ent_CHREDU,CHRISTIAN,organization,CHRISTIAN (Unknown),0.3
ent_MOSEDU,ISLAMIC,organization,ISLAMIC (Unknown),0.3
ent_AZELEG,AZERBAIJANI,organization,AZERBAIJANI (AZE),0.3
ent_DEULAB,GERMANY,organization,GERMANY (DEU),0.3
ent_DNKGOV,DANISH,government,DANISH (DNK),0.3
ent_POLEDU,POLISH,organization,POLISH (POL),0.3
ent_LUXGOV,LUXEMBOURG,government,LUXEMBOURG (LUX),0.3
ent_IGOAFRAFU,AFRICAN UNION,organization,AFRICAN UNION (AFR),0.301
ent_GBRLAB,UNITED KINGDOM,organization,UNITED KINGDOM (GBR),0.3
ent_GBRLEG,BRITISH,organization,BRITISH (GBR),0.301
ent_GTM,GUATEMALA,country,GUATEMALA (GTM),0.301
ent_HINDEN112,KULA,organization,KULA (Unknown),0.3
ent_CRMMIL,CRIMINAL,military,CRIMINAL (Unknown),0.3
ent_GOVSPY,MINISTRY,organization,MINISTRY (Unknown),0.3
ent_KORLEG,SOUTH KOREA,organization,SOUTH KOREA (KOR),0.3
ent_ARMGOV,ARMENIA,government,ARMENIA (ARM),0.3
ent_GOVCRM,ADMINISTRATION,organization,ADMINISTRATION (Unknown),0.3
ent_MCOELI,ALBERT,organization,ALBERT (MCO),0.301
ent_LKAGOVMIL,SRI LANKA,military,SRI LANKA (LKA),0.3
ent_MNC,CHIPOTLE MEXICAN GRILL,country,CHIPOTLE MEXICAN GRILL (Unknown),0.301
ent_MNCESP,BANCO SANTANDER,organization,BANCO SANTANDER (ESP),0.3
ent_MNCGBRGOV,AVIVA PLC,government,AVIVA PLC (GBR),0.3
ent_NPLELI,NEPAL,organization,NEPAL (NPL),0.3
ent_NPLPTY,NEPAL,organization,NEPAL (NPL),0.3
ent_QATBUS,QATAR,organization,QATAR (QAT),0.3
ent_QATEDU,QATAR,organization,QATAR (QAT),0.3
ent_VNMGOV,VIETNAM,government,VIETNAM (VNM),0.3
ent_ZAFEDU,NORTH WEST,organization,NORTH WEST (ZAF),0.3
ent_ZAFGOVELI,NALEDI PANDOR,organization,NALEDI PANDOR (ZAF),0.3
ent_cad,CADDO,organization,CADDO (Unknown),0.3
ent_RUSMIL,RUSSIAN,military,RUSSIAN (RUS),0.3
ent_BMUGOVBUS,DAVID ALLEN,organization,DAVID ALLEN (BMU),0.3
ent_LEGLEG,SENATE,organization,SENATE (Unknown),0.3
ent_PER,PERUVIAN,country,PERUVIAN (PER),0.301
ent_PRY,ASUNCION,country,ASUNCION (PRY),0.301
ent_SLVGOV,EL SALVADOR,government,EL SALVADOR (SLV),0.3
ent_AUSGOVHRI,AUSTRALIAN,organization,AUSTRALIAN (AUS),0.3
ent_BOL,SANTA CRUZ,country,SANTA CRUZ (BOL),0.3
ent_BRAGOVEDU,BRAZIL,organization,BRAZIL (BRA),0.3
ent_CHRPRO310,QUAKER,organization,QUAKER (Unknown),0.3
ent_COPCVL,PRISON,organization,PRISON (Unknown),0.3
ent_CRI,COSTA RICA,country,COSTA RICA (CRI),0.3
ent_NRMRAC020EDU,CREATIVITY,organization,CREATIVITY (Unknown),0.3
ent_DOM,DOMINICAN REPUBLIC,country,DOMINICAN REPUBLIC (DOM),0.3
ent_EDUCOP,SCHOOL,organization,SCHOOL (Unknown),0.3
ent_EDUGOV,STUDENT,government,STUDENT (Unknown),0.301
ent_EGYJUD,ALEXANDRIA,organization,ALEXANDRIA (EGY),0.3
ent_TAM,TAMIL,country,TAMIL (Unknown),0.3
ent_CYPMIL,CYPRUS,military,CYPRUS (CYP),0.3
ent_ESTMED,ESTONIA,organization,ESTONIA (EST),0.3
ent_EST,TALLINN,country,TALLINN (EST),0.3
ent_IGO,PEACEKEEPING TROOP,country,PEACEKEEPING TROOP (Unknown),0.3
ent_IGOCOPITP,INTERPOL,organization,INTERPOL (Unknown),0.3
ent_IRNHLH,IRANIAN,organization,IRANIAN (IRN),0.3
ent_IRQMED,IRAQ,organization,IRAQ (IRQ),0.3
ent_ISRJEW,ISRAEL,organization,ISRAEL (ISR),0.3
ent_MOSSHIREL,SHIITE,organization,SHIITE (Unknown),0.3
ent_dru,DRUZE,organization,DRUZE (Unknown),0.3
ent_MNCUSAMEDBUS,GOOGLE,organization,GOOGLE (USA),0.3
ent_MNCUSAHLH,ELI LILLY,organization,ELI LILLY (USA),0.3
ent_NGOCHRDEV,WORLD VISION,organization,WORLD VISION (Unknown),0.3
ent_NZLBUS,NEW ZEALAND,organization,NEW ZEALAND (NZL),0.3
ent_USAELIGOV,GEORGE W. BUSH,government,GEORGE W. BUSH (USA),0.301
ent_RUSCVL,RUSSIA,organization,RUSSIA (RUS),0.3
ent_SAUGOVMIL,SAUDI ARABIA,military,SAUDI ARABIA (SAU),0.301
ent_SLVOPP,EL SALVADOR,organization,EL SALVADOR (SLV),0.3
ent_JEWEDU,JEWISH,organization,JEWISH (Unknown),0.3
ent_NRMRAC030,ESOTERIC NAZISM,organization,ESOTERIC NAZISM (Unknown),0.3
ent_USAGOVAGR,UNITED STATES,organization,UNITED STATES (USA),0.3
ent_VCTGOV,KINGSTOWN,government,KINGSTOWN (VCT),0.3
ent_OPPUAF,OPPOSITION FORCES,organization,OPPOSITION FORCES (Unknown),0.3
ent_chr,CHEROKEE,organization,CHEROKEE (Unknown),0.3
ent_druCVL,DRUZE,organization,DRUZE (Unknown),0.3
ent_BTN,BHUTANESE,country,BHUTANESE (BTN),0.3
ent_GRDGOVMED,BRIAN MC,organization,BRIAN MC (GRD),0.3
ent_MOSSFI,SUFI,organization,SUFI (Unknown),0.3
ent_ZAFELI,NELSON MANDELA,organization,NELSON MANDELA (ZAF),0.3
ent_NAMGOV,NAMIBIA,government,NAMIBIA (NAM),0.3
ent_CHNMIL,CHINA,military,CHINA (CHN),0.3
ent_AZEMIL,AZERBAIJAN,military,AZERBAIJAN (AZE),0.3
ent_BGRGOVMIL,BULGARIA,military,BULGARIA (BGR),0.3
ent_CHECHR,BALE,organization,BALE (CHE),0.3
ent_VNMEDU,VIETNAMESE,organization,VIETNAMESE (VNM),0.3
ent_GBRSPY,UNITED KINGDOM,organization,UNITED KINGDOM (GBR),0.3
ent_GRCCVL,GREEK,organization,GREEK (GRC),0.3
ent_NGODEV,DEVELOPMENT AGENC,organization,DEVELOPMENT AGENC (Unknown),0.3
ent_kno,KONO,organization,KONO (Unknown),0.3
ent_IDNCVL,INDONESIA,organization,INDONESIA (IDN),0.3
ent_IDNGOV,INDONESIA,government,INDONESIA (IDN),0.301
ent_IGOBUSOPC,OPEC,organization,OPEC (Unknown),0.3
ent_IGOUNOREF,THE UN,organization,THE UN (Unknown),0.3
ent_KHMCVL,CAMBODIAN,organization,CAMBODIAN (KHM),0.3
ent_VNMCVL,VIETNAMESE,organization,VIETNAMESE (VNM),0.3
ent_khm,KHMER,organization,KHMER (Unknown),0.3
ent_KORGOV,SOUTH KOREA,government,SOUTH KOREA (KOR),0.301
ent_MEXCOP,MEXICO,organization,MEXICO (MEX),0.3
ent_BGRUAF,BULGARIAN,organization,BULGARIAN (BGR),0.3
ent_MNCUSAMEDLAB,GOOGLE,organization,GOOGLE (USA),0.3
ent_NGOUSAJEWGOV,AMIT,government,AMIT (USA),0.3
ent_POLCVL,POLAND,organization,POLAND (POL),0.3
ent_STPELI,FERNANDO PEREIRA,organization,FERNANDO PEREIRA (STP),0.3
ent_USAREL,LOS ANGELES,organization,LOS ANGELES (USA),0.301
ent_IGOWSTNATGOVMIL,NATO,military,NATO (WST),0.3
ent_MNCDEU,DEUTSCHE BANK,organization,DEUTSCHE BANK (DEU),0.3
ent_MYSEDU,MALAYSIA,organization,MALAYSIA (MYS),0.3
ent_NAMGOVBUS,NETUMBO NANDI NDAITWAH,organization,NETUMBO NANDI NDAITWAH (NAM),0.3
ent_BRAGOV,LULA DA SILVA,government,LULA DA SILVA (BRA),0.301
ent_COGGOV,CONGO,government,CONGO (COG),0.3
ent_COPGOVCOP,DEPUTY,organization,DEPUTY (Unknown),0.3
ent_CRMJUD,CRIMINAL,organization,CRIMINAL (Unknown),0.3
ent_CVLGOV,TRAVELER,government,TRAVELER (Unknown),0.3
ent_CZEGOV,CZECH,government,CZECH (CZE),0.3
ent_ELIJUD,RETIRED,organization,RETIRED (Unknown),0.3
ent_GBRJUD,BRITAIN,organization,BRITAIN (GBR),0.301
ent_INDLEG,GUJARAT,organization,GUJARAT (IND),0.3
ent_ISRSPY,ISRAELI,organization,ISRAELI (ISR),0.3
ent_JEWJUD,JEWISH,organization,JEWISH (Unknown),0.3
ent_KOROPP,SOUTH KOREA,organization,SOUTH KOREA (KOR),0.3
ent_NAMCOP,NAMIBIAN,organization,NAMIBIAN (NAM),0.3
ent_NGACOP,NIGERIA,organization,NIGERIA (NGA),0.301
ent_PNGCOP,EAST SEPIK,organization,EAST SEPIK (PNG),0.3
ent_POLGOVMIL,POLISH,military,POLISH (POL),0.3
ent_RUSLEG,RUSSIA,organization,RUSSIA (RUS),0.3
ent_RWAGOV,PAUL KAGAME,government,PAUL KAGAME (RWA),0.3
ent_SDNMIL,SUDANESE,military,SUDANESE (SDN),0.3
ent_SSDGOV,SOUTH SUDAN,government,SOUTH SUDAN (SSD),0.3
ent_DJIGOV,MAHAMOUD ALI YOUSSOUF,government,MAHAMOUD ALI YOUSSOUF (DJI),0.3
ent_SWECOP,SWEDEN,organization,SWEDEN (SWE),0.3
ent_SWEGOV,SWEDEN,government,SWEDEN (SWE),0.3
ent_INDELI,DELHI,organization,DELHI (IND),0.3
ent_USAPRI,PUERTO RICAN,organization,PUERTO RICAN (USA),0.301
ent_AFRSEP,AFRICA,organization,AFRICA (AFR),0.3
ent_MOZ,MOZAMBIQUE,country,MOZAMBIQUE (MOZ),0.301
ent_CHRCTHEDU,CATHOLIC,organization,CATHOLIC (Unknown),0.3
ent_IRLREL,IRISH,organization,IRISH (IRL),0.3
ent_FSM,FEDERATED STATES OF MICRONESIA,country,FEDERATED STATES OF MICRONESIA (FSM),0.3
ent_PLW,PALAU,country,PALAU (PLW),0.301
ent_IGOWSTNATELI,NATO,organization,NATO (WST),0.3
ent_IRNGOVHLH,IRAN,organization,IRAN (IRN),0.3
ent_IRNREB,IRAN,organization,IRAN (IRN),0.3
ent_LBNGOVMED,LEBANON,organization,LEBANON (LBN),0.3
ent_NGOCHR,YMCA,organization,YMCA (Unknown),0.301
ent_NGOHLH,ACTION AGAINST HUNGER,organization,ACTION AGAINST HUNGER (Unknown),0.3
ent_NGONORREF,NORWEGIAN REFUGEE COUNCIL,organization,NORWEGIAN REFUGEE COUNCIL (NOR),0.3
ent_NGOXFM,OXFAM,organization,OXFAM (Unknown),0.3
ent_NORREF,NORWAY,organization,NORWAY (NOR),0.3
ent_SDN,SUDAN,country,SUDAN (SDN),0.301
ent_USAGUM,GUAM,organization,GUAM (USA),0.301
ent_SDNHLH,SUDANESE,organization,SUDANESE (SDN),0.3
ent_nepLEG,NEPALI,organization,NEPALI (Unknown),0.3
ent_IGOPGSGCCGOV,GULF COOPERATION COUNCIL,government,GULF COOPERATION COUNCIL (PGS),0.3
ent_ABW,ARUBA,country,ARUBA (ABW),0.301
ent_AUSPTY,AUSTRALIA,organization,AUSTRALIA (AUS),0.3
ent_AUSENV,AUSTRALIA,organization,AUSTRALIA (AUS),0.3
ent_AUTBUS,AUSTRIA,organization,AUSTRIA (AUT),0.3
ent_AZEOPP,AZERBAIJANI,organization,AZERBAIJANI (AZE),0.3
ent_COLMIL,COLOMBIA,military,COLOMBIA (COL),0.3
ent_COPGOVMIL,DEPUTY,military,DEPUTY (Unknown),0.3
ent_MNCUSAGOV,NETFLIX,government,NETFLIX (USA),0.3
ent_IGOEAFEAC,EAST AFRICAN COMMUNITY,organization,EAST AFRICAN COMMUNITY (EAF),0.3
ent_HLHLAB,HOSPITAL,organization,HOSPITAL (Unknown),0.3
ent_IRQCOP,IRAQI,organization,IRAQI (IRQ),0.3
ent_JAMGOV,JAMAICA,government,JAMAICA (JAM),0.3
ent_KENGOVEDU,WILLIAM SAMOEI RUTO,organization,WILLIAM SAMOEI RUTO (KEN),0.3
ent_LKALEG,SRI LANKAN,organization,SRI LANKAN (LKA),0.3
ent_CRMGOV,OUTLAW,government,OUTLAW (Unknown),0.3
ent_MUSGOV,MAURITIUS,government,MAURITIUS (MUS),0.3
ent_SYCGOV,BARRY FAURE,government,BARRY FAURE (SYC),0.3
ent_NGOUSAEDU,AMERICAN PHYSICAL SOCIETY,organization,AMERICAN PHYSICAL SOCIETY (USA),0.3
ent_SYC,SEYCHELLES,country,SEYCHELLES (SYC),0.3
ent_USACHR,UNITED STATES,organization,UNITED STATES (USA),0.301
ent_VENELI,VENEZUELAN,organization,VENEZUELAN (VEN),0.3
ent_GGYJUD,GUERNSEY,organization,GUERNSEY (Unknown),0.3
ent_GGY,GUERNSEY,country,GUERNSEY (Unknown),0.3
ent_FJICOP,FIJI,organization,FIJI (FJI),0.3
ent_ARECOP,DUBAI,organization,DUBAI (ARE),0.3
ent_MEDCOP,WEBSITE,organization,WEBSITE (Unknown),0.3
ent_FJIGOV,JOPE SENILOLI,government,JOPE SENILOLI (FJI),0.3
ent_COPMIL,POLICE,military,POLICE (Unknown),0.3
ent_GHAEDU,GHANA,organization,GHANA (GHA),0.3
ent_GBRGOVEDU,UNITED KINGDOM,organization,UNITED KINGDOM (GBR),0.3
ent_ben,BENGALI,organization,BENGALI (Unknown),0.3
ent_tib,TIBETAN,organization,TIBETAN (Unknown),0.301
ent_MNCIRL,RYANAIR,organization,RYANAIR (IRL),0.301
ent_NGOHLHIRCLAB,RED CRESCENT,organization,RED CRESCENT (Unknown),0.3
ent_MNCIRLCVL,RYANAIR,organization,RYANAIR (IRL),0.3
ent_MNCUSAREB,NETFLIX,organization,NETFLIX (USA),0.3
ent_NORCOP,NORWAY,organization,NORWAY (NOR),0.3
ent_PAKEDU,PAKISTAN,organization,PAKISTAN (PAK),0.3
ent_TZAGOV,TANZANIA,government,TANZANIA (TZA),0.3
ent_ESPOPP,SPAIN,organization,SPAIN (ESP),0.3
ent_PSEUAF,PALESTINIAN,organization,PALESTINIAN (PSE),0.3
ent_GOVLEG,FOREIGN AFFAIRS MINIST,organization,FOREIGN AFFAIRS MINIST (Unknown),0.3
ent_CHEGOVMIL,SWITZERLAND,military,SWITZERLAND (CHE),0.3
ent_CHLGOV,CHILEAN,government,CHILEAN (CHL),0.3
ent_CHLGOVELI,MICHELLE BACHELET,organization,MICHELLE BACHELET (CHL),0.3
ent_COLGOV,COLOMBIA,government,COLOMBIA (COL),0.3
ent_IGOJUDICC,INTERNATIONAL CRIMINAL COURT,organization,INTERNATIONAL CRIMINAL COURT (Unknown),0.3
ent_ELIEDU,RETIRED,organization,RETIRED (Unknown),0.3
ent_GBRHLH,UNITED KINGDOM,organization,UNITED KINGDOM (GBR),0.3
ent_GINELI,CELLOU DALEIN DIALLO,organization,CELLOU DALEIN DIALLO (GIN),0.3
ent_GINGOV,GUINEA,government,GUINEA (GIN),0.3
ent_EDUCVL,COLLEGE,organization,COLLEGE (Unknown),0.3
ent_IGOBUSIMF,INTERNATIONAL MONETARY FUND,organization,INTERNATIONAL MONETARY FUND (Unknown),0.3
ent_LBNMED,LEBANESE,organization,LEBANESE (LBN),0.3
ent_INDGOVENV,JAIRAM RAMESH,organization,JAIRAM RAMESH (IND),0.3
ent_MCO,MONACO,country,MONACO (MCO),0.301
ent_MILMOS,PARAMILITARY,organization,PARAMILITARY (Unknown),0.3
ent_NGOGBRHRI,ANTI SLAVERY INTERNATIONAL,organization,ANTI SLAVERY INTERNATIONAL (GBR),0.3
ent_NORJUD,NORWAY,organization,NORWAY (NOR),0.3
ent_SEN,DAKAR,country,DAKAR (SEN),0.3
ent_UKRJUD,UKRAINE,organization,UKRAINE (UKR),0.3
ent_USAGOVCVL,NASA,organization,NASA (USA),0.3
ent_AUSEDU,VICTORIA,organization,VICTORIA (AUS),0.301
ent_aka,AKAN,organization,AKAN (Unknown),0.3
ent_BHSGOV,BAHAMA,government,BAHAMA (BHS),0.3
ent_BRABUS,BRAZILIAN,organization,BRAZILIAN (BRA),0.3
ent_DEUCVL,GERMAN,organization,GERMAN (DEU),0.3
ent_GMB,BANJUL,country,BANJUL (GMB),0.301
ent_MNCBRA,EMBRAER,organization,EMBRAER (BRA),0.3
ent_MNCFRA,BNP PARIBAS,organization,BNP PARIBAS (FRA),0.3
ent_chy,CHEYENNE,organization,CHEYENNE (Unknown),0.301
ent_AZEBUS,AZERBAIJAN,organization,AZERBAIJAN (AZE),0.3
ent_BGDMED,BANGLADESH,organization,BANGLADESH (BGD),0.3
ent_BHRMED,BAHRAIN,organization,BAHRAIN (BHR),0.3
ent_BHSCVL,BAHAMIAN,organization,BAHAMIAN (BHS),0.3
ent_BWA,BOTSWANA,country,BOTSWANA (BWA),0.3
ent_MNCCHN,CHINA SOUTHERN AIRLINES,organization,CHINA SOUTHERN AIRLINES (CHN),0.3
ent_USAMEDGOV,ASSOCIATED PRESS,government,ASSOCIATED PRESS (USA),0.3
ent_CYPEDU,NICOSIA,organization,NICOSIA (CYP),0.3
ent_ESPEDU,BARCELONA,organization,BARCELONA (ESP),0.3
ent_ESPHLH,BARCELONA,organization,BARCELONA (ESP),0.3
ent_GBRGIB,GIBRALTAR,organization,GIBRALTAR (GBR),0.3
ent_SLECOP,SIERRA LEONE,organization,SIERRA LEONE (SLE),0.3
ent_GINMIL,GUINEAN,military,GUINEAN (GIN),0.3
ent_CYPMED,CYPRUS,organization,CYPRUS (CYP),0.3
ent_IGOLEGIPU,INTER PARLIAMENTARY UNION,organization,INTER PARLIAMENTARY UNION (Unknown),0.3
ent_IMGMOSALQ,AL QAEDA,organization,AL QAEDA (Unknown),0.3
ent_INDGOVLAB,MALLIKARJUN KHARGE,organization,MALLIKARJUN KHARGE (IND),0.3
ent_IRLELI,MARY ROBINSON,organization,MARY ROBINSON (IRL),0.3
ent_JAMGOVEDU,JAMAICA,organization,JAMAICA (JAM),0.3
ent_JAMJUD,JAMAICA,organization,JAMAICA (JAM),0.3
ent_JAMLEG,JAMAICA,organization,JAMAICA (JAM),0.3
ent_mnn,MANO,organization,MANO (Unknown),0.3
ent_LBRMIL,LIBERIA,military,LIBERIA (LBR),0.3
ent_NORMIL,NORWEGIAN,military,NORWEGIAN (NOR),0.3
ent_PRKMIL,NORTH KOREAN,military,NORTH KOREAN (PRK),0.3
ent_CHEMED,SWISS,organization,SWISS (CHE),0.3
ent_USAGOVBUS,US TREASURY,organization,US TREASURY (USA),0.301
ent_SLEGOV,SIERRA LEONE,government,SIERRA LEONE (SLE),0.3
ent_TURMIL,TURKISH,military,TURKISH (TUR),0.3
ent_TURCVL,TURKISH,organization,TURKISH (TUR),0.3
ent_TZABUS,TANZANIA,organization,TANZANIA (TZA),0.3
ent_mni,MANIPURI,organization,MANIPURI (Unknown),0.3
ent_scoCVL,SCOTTISH,organization,SCOTTISH (Unknown),0.3
ent_IRLJUD,IRELAND,organization,IRELAND (IRL),0.3
ent_MCOELIGOV,ALBERT,government,ALBERT (MCO),0.3
ent_BLZGOVMIL,GEORGE P,military,GEORGE P (BLZ),0.3
ent_COLCVL,COLOMBIAN,organization,COLOMBIAN (COL),0.3
ent_COPMED,DEPUTY,organization,DEPUTY (Unknown),0.3
ent_CVLREB,CITIZEN,organization,CITIZEN (Unknown),0.3
ent_HIN105,RASHTRIYA SWAYAMSEVAK SANGH,organization,RASHTRIYA SWAYAMSEVAK SANGH (Unknown),0.3
ent_ERIGOV,ERITREAN,government,ERITREAN (ERI),0.3
ent_ERI,ERITREA,country,ERITREA (ERI),0.3
ent_IGOBUSGOS,GROUP OF SEVEN,organization,GROUP OF SEVEN (Unknown),0.3
ent_BELGOV,BELGIUM,government,BELGIUM (BEL),0.301
ent_PSEGOVHLH,WEST BANK,organization,WEST BANK (PSE),0.3
ent_IRNGOVJUD,IRAN,organization,IRAN (IRN),0.3
ent_JAMCOP,KINGSTON,organization,KINGSTON (JAM),0.3
ent_JAN,JAIN,country,JAIN (Unknown),0.3
ent_JPNMED,JAPAN,organization,JAPAN (JPN),0.3
ent_USAGOVMEDSEA,VOICE OF AMERICA,organization,VOICE OF AMERICA (USA),0.3
ent_MMR,MYANMAR,country,MYANMAR (MMR),0.3
ent_PAKMED,PAKISTAN,organization,PAKISTAN (PAK),0.3
ent_QATCVL,QATAR,organization,QATAR (QAT),0.3
ent_TCDGOV,CHAD,government,CHAD (TCD),0.3
ent_MNCGBRHLHBUS,ASTRAZENECA,organization,ASTRAZENECA (GBR),0.3
ent_USAGOVCOP,UNITED STATES,organization,UNITED STATES (USA),0.3
ent_dra,DRAVIDIAN,organization,DRAVIDIAN (Unknown),0.3
ent_kan,KANNADA,organization,KANNADA (Unknown),0.3
ent_tel,TELUGU,organization,TELUGU (Unknown),0.3
ent_kasEDU,KASHMIRI,organization,KASHMIRI (Unknown),0.3
ent_may,MALAYS,organization,MALAYS (Unknown),0.3
ent_mizMIL,MIZO,military,MIZO (Unknown),0.3
ent_HTICOP,HAITI,organization,HAITI (HTI),0.3
ent_DNKJUD,DENMARK,organization,DENMARK (DNK),0.3
ent_USAASMGOV,AMERICAN SAMOA,government,AMERICAN SAMOA (USA),0.3
ent_CHNCHR,CHINA,organization,CHINA (CHN),0.3
ent_GOVDEV,PUBLIC SERVICE COMMISSION,organization,PUBLIC SERVICE COMMISSION (Unknown),0.3
ent_DEUAGR,GERMANY,organization,GERMANY (DEU),0.3
ent_RELJUD,BISHOP,organization,BISHOP (Unknown),0.3
ent_SWEEDU,SWEDEN,organization,SWEDEN (SWE),0.301
ent_glg,GALICIAN,organization,GALICIAN (Unknown),0.3
ent_GBRGOVMED,JEREMY HUNT,organization,JEREMY HUNT (GBR),0.3
ent_HLHEDU,HOSPITAL,organization,HOSPITAL (Unknown),0.3
ent_KENCOP,KENYA,organization,KENYA (KEN),0.3
ent_IRLAGR,GALWAY,organization,GALWAY (IRL),0.3
ent_ISRHLH,ISRAEL,organization,ISRAEL (ISR),0.3
ent_ISRGOVHLH,ISRAEL,organization,ISRAEL (ISR),0.3
ent_JAMMED,JAMAICA,organization,JAMAICA (JAM),0.3
ent_KORCVL,SOUTH KOREAN,organization,SOUTH KOREAN (KOR),0.3
ent_MEDOPP,MEDIA,organization,MEDIA (Unknown),0.3
ent_MNCHLH,BROOKDALE SENIOR LIVING,organization,BROOKDALE SENIOR LIVING (Unknown),0.3
ent_MOZGOV,MOZAMBICAN,government,MOZAMBICAN (MOZ),0.3
ent_MYSOPP,MALAYSIA,organization,MALAYSIA (MYS),0.3
ent_NGOICG,INTERNATIONAL CRISIS GROUP,organization,INTERNATIONAL CRISIS GROUP (Unknown),0.3
ent_tibOPP,TIBETAN,organization,TIBETAN (Unknown),0.3
ent_PHLMIL,PHILIPPINE,military,PHILIPPINE (PHL),0.3
ent_SYRREF,SYRIA,organization,SYRIA (SYR),0.3
ent_THAMED,THAILAND,organization,THAILAND (THA),0.3
ent_TKMGOV,TURKMEN,government,TURKMEN (TKM),0.3
ent_mia,MIAO,organization,MIAO (Unknown),0.3
ent_tibCVL,TIBETAN,organization,TIBETAN (Unknown),0.3
ent_CHNOPP,TIBET,organization,TIBET (CHN),0.3
ent_MEXCRM,MEXICO,organization,MEXICO (MEX),0.3
ent_GBROPP,LONDON,organization,LONDON (GBR),0.3
ent_BUSCOP,BUSINESS,organization,BUSINESS (Unknown),0.3
ent_BHRLEG,BAHRAIN,organization,BAHRAIN (BHR),0.3
ent_BHRCVL,BAHRAIN,organization,BAHRAIN (BHR),0.3
ent_EURBUS,EUROPEAN,organization,EUROPEAN (EUR),0.3
ent_EURGOV,EUROPEAN,government,EUROPEAN (EUR),0.301
ent_CANOPP,CANADA,organization,CANADA (CAN),0.3
ent_CUBELIREB,FIDEL CASTRO,organization,FIDEL CASTRO (CUB),0.3
ent_CUBOPP,CUBA,organization,CUBA (CUB),0.3
ent_MKDGOV,MACEDONIAN,government,MACEDONIAN (MKD),0.3
ent_CVLLAB,IMMIGRANT,organization,IMMIGRANT (Unknown),0.3
ent_MUS,MAURITIUS,country,MAURITIUS (MUS),0.301
ent_men,MENDE,organization,MENDE (Unknown),0.3
ent_HNDJUD,HONDURAS,organization,HONDURAS (HND),0.3
ent_KENEDU,KENYA,organization,KENYA (KEN),0.3
ent_KNAGOV,QUEEN ELIZABETH II,government,QUEEN ELIZABETH II (KNA),0.301
ent_LVA,LATVIA,country,LATVIA (LVA),0.3
ent_NGOASA,THE ASIA SOCIETY,organization,THE ASIA SOCIETY (ASA),0.3
ent_PAKBUS,PAKISTAN,organization,PAKISTAN (PAK),0.3
ent_JUDCRM,DEFENSE LAWYER,organization,DEFENSE LAWYER (Unknown),0.3
ent_VENJUD,VENEZUELA,organization,VENEZUELA (VEN),0.3
ent_GBRPTY,UNITED KINGDOM,organization,UNITED KINGDOM (GBR),0.3
ent_IGOUNOAIE,INTERNATIONAL ENERGY AGENCY,organization,INTERNATIONAL ENERGY AGENCY (Unknown),0.301
ent_NMRBUS,NORTH AMERICA,organization,NORTH AMERICA (NMR),0.3
ent_AFGEDU,AFGHAN,organization,AFGHAN (AFG),0.3
ent_AFRCVL,AFRICA,organization,AFRICA (AFR),0.3
ent_AZECVL,AZERBAIJAN,organization,AZERBAIJAN (AZE),0.3
ent_BUDMAH420,TENDAI,organization,TENDAI (Unknown),0.3
ent_LSO,LESOTHO,country,LESOTHO (LSO),0.3
ent_DEUMIL,GERMAN,military,GERMAN (DEU),0.3
ent_IGOBUSGOE,GROUP OF EIGHT,organization,GROUP OF EIGHT (Unknown),0.3
ent_IRLCOP,IRELAND,organization,IRELAND (IRL),0.3
ent_IRLMED,IRISH,organization,IRISH (IRL),0.3
ent_MEDCVL,MEDIA,organization,MEDIA (Unknown),0.3
ent_MLTGOV,MALTESE,government,MALTESE (MLT),0.3
ent_MOZJUD,MOZAMBIQUE,organization,MOZAMBIQUE (MOZ),0.3
ent_OMNMIL,OMAN,military,OMAN (OMN),0.3
ent_BUSREL,MANUFACTURER,organization,MANUFACTURER (Unknown),0.3
ent_ZWEJUD,ZIMBABWE,organization,ZIMBABWE (ZWE),0.3
ent_ARGGOV,ARGENTINA,government,ARGENTINA (ARG),0.3
ent_khaEDU,KHASI,organization,KHASI (Unknown),0.3
ent_DEUMED,GERMANY,organization,GERMANY (DEU),0.3
ent_LEGCVL,CONGRESS,organization,CONGRESS (Unknown),0.3
ent_GOVGOVHLH,ADMINISTRATION,organization,ADMINISTRATION (Unknown),0.3
ent_HLHGOV,HOSPITAL,government,HOSPITAL (Unknown),0.3
ent_IDNMIL,INDONESIAN,military,INDONESIAN (IDN),0.3
ent_KORLAB,SOUTH KOREA,organization,SOUTH KOREA (KOR),0.3
ent_KORMED,SOUTH KOREA,organization,SOUTH KOREA (KOR),0.3
ent_MNCAGR,SYNGENTA,organization,SYNGENTA (Unknown),0.3
ent_LKABUS,CEYLON,organization,CEYLON (LKA),0.3
ent_LKAOPP,SRI LANKA,organization,SRI LANKA (LKA),0.3
ent_NGOUSAHRI,CARTER CENTER,organization,CARTER CENTER (USA),0.3
ent_TCDJUD,CHAD,organization,CHAD (TCD),0.3
ent_idgCVL,INDIGENOUS,organization,INDIGENOUS (Unknown),0.3
ent_GOVMILMED,DEFENCE MINIST,organization,DEFENCE MINIST (Unknown),0.3
ent_TTOGOV,TRINIDAD AND TOBAGO,government,TRINIDAD AND TOBAGO (TTO),0.3
ent_GMBAGR,GAMBIAN,organization,GAMBIAN (GMB),0.3
ent_INDGOVBUS,FAROOQ ABDULLAH,organization,FAROOQ ABDULLAH (IND),0.3
ent_kasSEP,KASHMIRI,organization,KASHMIRI (Unknown),0.3
ent_GBREDUDEVCVL,INSTITUTE OF DEVELOPMENT STUDIES,organization,INSTITUTE OF DEVELOPMENT STUDIES (GBR),0.3
ent_BUDMAH223,SOTO,organization,SOTO (Unknown),0.3
ent_KHMGOVMED,CAMBODIA,organization,CAMBODIA (KHM),0.3
ent_SAUELI,FAYSAL,organization,FAYSAL (SAU),0.3
ent_CYPBUS,CYPRUS,organization,CYPRUS (CYP),0.3
ent_CHRPRO230,METHODIST,organization,METHODIST (Unknown),0.3
ent_iku,INUIT,organization,INUIT (Unknown),0.3
ent_GBRELIGOV,MARGARET THATCHER,government,MARGARET THATCHER (GBR),0.3
ent_GUYGOV,GUYANA,government,GUYANA (GUY),0.3
ent_HTICVL,HAITIAN,organization,HAITIAN (HTI),0.3
ent_IRNGOVCOP,IRAN,organization,IRAN (IRN),0.3
ent_JPNBUS,JAPAN,organization,JAPAN (JPN),0.3
ent_nepCVL,NEPALI,organization,NEPALI (Unknown),0.3
ent_KHMGOV,CAMBODIAN,government,CAMBODIAN (KHM),0.3
ent_KORBUS,SOUTH KOREAN,organization,SOUTH KOREAN (KOR),0.3
ent_LBRELI,LIBERIA,organization,LIBERIA (LBR),0.3
ent_LBRGOVELI,ELLEN JOHNSON SIRLEAF,organization,ELLEN JOHNSON SIRLEAF (LBR),0.3
ent_LVAEDU,LATVIA,organization,LATVIA (LVA),0.3
ent_MHLBUS,MARSHALL ISLANDS,organization,MARSHALL ISLANDS (MHL),0.3
ent_MNCBMU,INGERSOLL RAND,organization,INGERSOLL RAND (BMU),0.3
ent_MNCGBR,ROLLS ROYCE,organization,ROLLS ROYCE (GBR),0.3
ent_MNCGBRMED,VODAFONE,organization,VODAFONE (GBR),0.3
ent_RUSCRM,RUSSIA,organization,RUSSIA (RUS),0.3
ent_THAMIL,THAI,military,THAI (THA),0.3
ent_CYPCOP,CYPRUS,organization,CYPRUS (CYP),0.3
ent_POLLEG,POLAND,organization,POLAND (POL),0.3
ent_NORMED,NORWEGIAN,organization,NORWEGIAN (NOR),0.3
ent_ROUGOV,ROMANIA,government,ROMANIA (Unknown),0.3
ent_BRAMED,BRAZIL,organization,BRAZIL (BRA),0.3
ent_BHRBUS,BAHRAIN,organization,BAHRAIN (BHR),0.3
ent_BRAJUD,BRAZIL,organization,BRAZIL (BRA),0.3
ent_BRAELI,BRAZILIAN,organization,BRAZILIAN (BRA),0.3
ent_BUSLEG,COMPANY,organization,COMPANY (Unknown),0.3
ent_AND,ANDORRA,country,ANDORRA (AND),0.3
ent_EDUOPP,STUDENT,organization,STUDENT (Unknown),0.3
ent_EDUMED,UNIVERSITY,organization,UNIVERSITY (Unknown),0.3
ent_MILSPY,MARINE CORP,organization,MARINE CORP (Unknown),0.3
ent_POLGOVBUS,POLAND,organization,POLAND (POL),0.3
ent_GOVJEW,ENVOY,organization,ENVOY (Unknown),0.3
ent_HLHMED,HOSPITAL,organization,HOSPITAL (Unknown),0.3
ent_IGOUNOWFPCOP,WORLD FOOD PROGRAM,organization,WORLD FOOD PROGRAM (Unknown),0.3
ent_IRLBUS,CORK,organization,CORK (IRL),0.3
ent_MILLEG,NAVY,organization,NAVY (Unknown),0.3
ent_KIR,KIRIBATI,country,KIRIBATI (KIR),0.3
ent_MARGOV,MOROCCO,government,MOROCCO (MAR),0.3
ent_smi,SAMI,organization,SAMI (Unknown),0.3
ent_MNCBEL,FORTIS,organization,FORTIS (BEL),0.3
ent_MNCDNKHLH,NOVO NORDISK,organization,NOVO NORDISK (DNK),0.3
ent_MYSGOV,MALAYSIA,government,MALAYSIA (MYS),0.3
ent_NPLMED,NEPALESE,organization,NEPALESE (NPL),0.3
ent_USAASM,SAMOAN,organization,SAMOAN (USA),0.3
ent_WSM,SAMOA,country,SAMOA (WSM),0.3
ent_OMNGOVAGR,OMAN,organization,OMAN (OMN),0.3
ent_POLGOV,POLAND,government,POLAND (POL),0.3
ent_MOSUAF,ISLAMIC MILITANT,organization,ISLAMIC MILITANT (Unknown),0.3
ent_REBMIL,REBEL,military,REBEL (Unknown),0.3
ent_SLVCVL,EL SALVADOR,organization,EL SALVADOR (SLV),0.3
ent_THABUS,THAILAND,organization,THAILAND (THA),0.3
ent_UKRLEG,UKRAINIAN,organization,UKRAINIAN (UKR),0.3
ent_VUT,VANUATU,country,VANUATU (VUT),0.3
ent_scoLEG,SCOTTISH,organization,SCOTTISH (Unknown),0.3
ent_BRN,BRUNEI,country,BRUNEI (BRN),0.3
ent_PRTCOP,PORTUGAL,organization,PORTUGAL (PRT),0.3
ent_CAF,CENTRAL AFRICAN REPUBLIC,country,CENTRAL AFRICAN REPUBLIC (CAF),0.3
ent_KGZ,BISHKEK,country,BISHKEK (KGZ),0.3
ent_KGZGOV,BISHKEK,government,BISHKEK (KGZ),0.3
ent_MNG,MONGOLIAN,country,MONGOLIAN (MNG),0.301
ent_ROULEG,ROMANIA,organization,ROMANIA (Unknown),0.3
ent_CANELI,CANADA,organization,CANADA (CAN),0.3
ent_CHNLEG,BEIJING,organization,BEIJING (CHN),0.3
ent_CODLAB,GOMA,organization,GOMA (COD),0.3
ent_CODMIL,DR CONGO,military,DR CONGO (COD),0.3
ent_CUBCVL,CUBA,organization,CUBA (CUB),0.3
ent_EGYJEW,EGYPT,organization,EGYPT (EGY),0.3
ent_NMRGOV,NORTH AMERICA,government,NORTH AMERICA (NMR),0.3
ent_DNKGRLGOV,GREENLAND,government,GREENLAND (DNK),0.3
ent_INDCRM,BHOPAL,organization,BHOPAL (IND),0.3
ent_IRLREB,IRISH,organization,IRISH (IRL),0.3
ent_KHMCOP,CAMBODIAN,organization,CAMBODIAN (KHM),0.3
ent_LBRJUD,LIBERIA,organization,LIBERIA (LBR),0.3
ent_LBREDU,LIBERIA,organization,LIBERIA (LBR),0.3
ent_MOSREB,ISLAMIC,organization,ISLAMIC (Unknown),0.3
ent_PAKGOVMED,PAKISTAN,organization,PAKISTAN (PAK),0.3
ent_AFGGOVMIL,AFGHANISTAN,military,AFGHANISTAN (AFG),0.3
ent_IGOSEAASNGOV,ASEAN,government,ASEAN (SEA),0.3
ent_PRTCVL,PORTUGAL,organization,PORTUGAL (PRT),0.3
ent_UKREDU,UKRAINE,organization,UKRAINE (UKR),0.3
ent_TURLEG,ANKARA,organization,ANKARA (TUR),0.3
ent_USAGOVDEV,USAID,organization,USAID (USA),0.3
ent_CUBCOP,CUBAN,organization,CUBAN (CUB),0.3
ent_SWEMIL,SWEDEN,military,SWEDEN (SWE),0.3
ent_URY,URUGUAY,country,URUGUAY (URY),0.3
ent_mro,MORO,organization,MORO (Unknown),0.3
ent_AUSCHR,AUSTRALIA,organization,AUSTRALIA (AUS),0.3
ent_NORGOVMIL,NORWEGIAN,military,NORWEGIAN (NOR),0.3
ent_EDULAB,SCHOOL,organization,SCHOOL (Unknown),0.3
ent_HRVMIL,CROATIA,military,CROATIA (HRV),0.3
ent_gar,GARIFUNA,organization,GARIFUNA (Unknown),0.3
ent_NORUAF,NORWAY,organization,NORWAY (NOR),0.3
ent_OMNMED,OMAN,organization,OMAN (OMN),0.3
ent_REBCOP,UPRISING,organization,UPRISING (Unknown),0.3
ent_RUSJUD,RUSSIA,organization,RUSSIA (RUS),0.3
ent_TCDCOP,CHAD,organization,CHAD (TCD),0.3
ent_CHRPRO300HLH,PRESBYTERIAN,organization,PRESBYTERIAN (Unknown),0.3
ent_CRMOPP,CONVICTS,organization,CONVICTS (Unknown),0.3
ent_RELGOV,ARCHBISHOP,government,ARCHBISHOP (Unknown),0.3
ent_UAFUAF,TERRORIST,organization,TERRORIST (Unknown),0.3
ent_LBRCOP,LIBERIA,organization,LIBERIA (LBR),0.3
ent_GOVREF,ADMINISTRATION,organization,ADMINISTRATION (Unknown),0.3
ent_IGOMOSDEVIDB,ISLAMIC DEVELOPMENT BANK,organization,ISLAMIC DEVELOPMENT BANK (Unknown),0.3
ent_CHECVL,SWITZERLAND,organization,SWITZERLAND (CHE),0.3
ent_DEUREF,GERMANY,organization,GERMANY (DEU),0.3
ent_UAFEDU,GUNMAN,organization,GUNMAN (Unknown),0.3
ent_HINREF,HINDU,organization,HINDU (Unknown),0.3
ent_NZLELI,NEW ZEALAND,organization,NEW ZEALAND (NZL),0.3
ent_adi,ADIVASI,organization,ADIVASI (Unknown),0.3
ent_dal,DALIT,organization,DALIT (Unknown),0.3
ent_INDGOVDEVJUD,KAPIL SIBAL,organization,KAPIL SIBAL (IND),0.3
ent_KORMIL,SOUTH KOREAN,military,SOUTH KOREAN (KOR),0.3
ent_LBRMED,LIBERIA,organization,LIBERIA (LBR),0.3
ent_NGOISRHRI,PUBLIC COMMITTEE AGAINST TORTURE IN ISRAEL,organization,PUBLIC COMMITTEE AGAINST TORTURE IN ISRAEL (ISR),0.3
ent_ZWECVL,HARARE,organization,HARARE (ZWE),0.3
ent_adiCVL,ADIVASI,organization,ADIVASI (Unknown),0.3
ent_HNDGOV,HONDURAN,government,HONDURAN (HND),0.3
ent_AUSGOVBUSOPP,ANTHONY ALBANESE,organization,ANTHONY ALBANESE (AUS),0.3
ent_AUSOPP,CANBERRA,organization,CANBERRA (AUS),0.3
ent_CANDEV,DEMOCRACY WATCH,organization,DEMOCRACY WATCH (CAN),0.3
ent_NGAGOVLEG,BALA MOHAMMED,organization,BALA MOHAMMED (NGA),0.3
ent_HRVGOV,CROATIA,government,CROATIA (HRV),0.3
ent_COPSPY,POLICE,organization,POLICE (Unknown),0.3
ent_GRCBUS,GREEK,organization,GREEK (GRC),0.3
ent_NLDEDU,AMSTERDAM,organization,AMSTERDAM (NLD),0.3
ent_JPNGOVPTY,JAPAN,organization,JAPAN (JPN),0.3
ent_USAGUMLEG,GUAM,organization,GUAM (USA),0.3
ent_RUSCOP,RUSSIAN,organization,RUSSIAN (RUS),0.3
ent_TJK,TAJIKISTAN,country,TAJIKISTAN (TJK),0.3
ent_TJKCVL,TAJIK,organization,TAJIK (TJK),0.3
ent_UGAJUD,UGANDA,organization,UGANDA (UGA),0.3
ent_VENGOVAGR,VENEZUELA,organization,VENEZUELA (VEN),0.3
ent_ZWEGOV,ZIMBABWE,government,ZIMBABWE (ZWE),0.3
ent_IGOEUREECMIL,THE EU,military,THE EU (EUR),0.3
ent_cre,CREE,organization,CREE (Unknown),0.3
ent_ITAMIL,ITALY,military,ITALY (ITA),0.3
ent_NAMGOVLEG,SAARA KUUGONGELWA,organization,SAARA KUUGONGELWA (NAM),0.3
ent_VATGOV,VATICAN,government,VATICAN (VAT),0.3
ent_kha,KHASI,organization,KHASI (Unknown),0.3
ent_nag,NAGA,organization,NAGA (Unknown),0.3
ent_AFROPP,AFRICA,organization,AFRICA (AFR),0.3
ent_BHRGOVMIL,BAHRAIN,military,BAHRAIN (BHR),0.3
ent_DNKBUS,DENMARK,organization,DENMARK (DNK),0.3
ent_MEXGOVBUS,MEXICAN,organization,MEXICAN (MEX),0.3
ent_HINEDU,HINDU,organization,HINDU (Unknown),0.3
ent_ESTGOV,ESTONIAN,government,ESTONIAN (EST),0.3
ent_cat,CATALAN,organization,CATALAN (Unknown),0.3
ent_DJIMIL,DJIBOUTI,military,DJIBOUTI (DJI),0.3
ent_HUNBUS,HUNGARY,organization,HUNGARY (HUN),0.3
ent_JPNEDU,JAPAN,organization,JAPAN (JPN),0.3
ent_PHLLEG,PHILIPPINE,organization,PHILIPPINE (PHL),0.3
ent_PSEGOV,PALESTINIAN,government,PALESTINIAN (PSE),0.3
ent_ROUGOVMIL,ROMANIA,military,ROMANIA (Unknown),0.3
ent_RUSSPY,RUSSIAN,organization,RUSSIAN (RUS),0.3
ent_SOMCRM,SOMALIA,organization,SOMALIA (SOM),0.3
ent_SSDCRM,SOUTH SUDAN,organization,SOUTH SUDAN (SSD),0.3
ent_YEMMED,SANA,organization,SANA (YEM),0.3
ent_AFGHLH,KABUL,organization,KABUL (AFG),0.3
ent_CHNGOVMED,CHINA,organization,CHINA (CHN),0.3
ent_CHRCTH405,AUGUSTINIANS,organization,AUGUSTINIANS (Unknown),0.3
ent_CHRLDS,MORMON,organization,MORMON (Unknown),0.3
ent_JPNMIL,OKINAWA,military,OKINAWA (JPN),0.3
ent_DEUGOVMIL,GERMAN,military,GERMAN (DEU),0.3
ent_HUNEDU,HUNGARY,organization,HUNGARY (HUN),0.3
ent_CHNMED,CHINA,organization,CHINA (CHN),0.3
ent_IGOWSTNATMIL,NATO,military,NATO (WST),0.3
ent_ITABUS,ITALY,organization,ITALY (ITA),0.3
ent_CVLBUS,COMMUNITY,organization,COMMUNITY (Unknown),0.3
ent_FRAMED,AGENCE FRANCE PRESS,organization,AGENCE FRANCE PRESS (FRA),0.3
ent_MNCFINMED,NOKIA,organization,NOKIA (FIN),0.3
ent_NGOJEW,WORLD JEWISH CONGRESS,organization,WORLD JEWISH CONGRESS (Unknown),0.3
ent_PSEJUD,WEST BANK,organization,WEST BANK (PSE),0.3
ent_SLVJUD,SALVADORAN,organization,SALVADORAN (SLV),0.3
ent_SLVCOP,EL SALVADOR,organization,EL SALVADOR (SLV),0.3
ent_VENCOP,VENEZUELAN,organization,VENEZUELAN (VEN),0.3
ent_CHNHLH,CHINA,organization,CHINA (CHN),0.3
ent_ISRMOS,ISRAEL,organization,ISRAEL (ISR),0.3
ent_PSEMOS,PALESTINIAN,organization,PALESTINIAN (PSE),0.3
ent_IMGSASMOS,ARIF HUSSAIN,organization,ARIF HUSSAIN (SAS),0.3
ent_DEUCHR,GERMANY,organization,GERMANY (DEU),0.3
ent_DNKCOP,DANISH,organization,DANISH (DNK),0.3
ent_EDUBUS,UNIVERSITY,organization,UNIVERSITY (Unknown),0.3
ent_MEDLAB,WRITER,organization,WRITER (Unknown),0.3
ent_BELMED,BRUSSELS,organization,BRUSSELS (BEL),0.3
ent_UKRGOVMIL,UKRAINIAN,military,UKRAINIAN (UKR),0.3
ent_IMGSEAMOS,MILF,organization,MILF (SEA),0.3
ent_IMGSEAMOSGOV,MILF,government,MILF (SEA),0.3
ent_BEN,BENIN,country,BENIN (BEN),0.3
ent_IGOWAFWAS,ECONOMIC COMMUNITY OF WEST AFRICAN STATES,organization,ECONOMIC COMMUNITY OF WEST AFRICAN STATES (WAF),0.3
ent_CVLOPP,CIVILIAN,organization,CIVILIAN (Unknown),0.3
ent_LBRGOVDEV,LIBERIA,organization,LIBERIA (LBR),0.3
ent_SAUJUD,SAUDI,organization,SAUDI (SAU),0.3
ent_NGOENV,GREENPEACE,organization,GREENPEACE (Unknown),0.3
ent_PHLMED,PHILIPPINE,organization,PHILIPPINE (PHL),0.3
ent_SWZ,SWAZILAND,country,SWAZILAND (SWZ),0.3
ent_TURSPY,TURKEY,organization,TURKEY (TUR),0.3
ent_snaMED,SHONA,organization,SHONA (Unknown),0.3
ent_LVAGOV,LATVIA,government,LATVIA (LVA),0.3
ent_cho,CHOCTAW,organization,CHOCTAW (Unknown),0.3
ent_CHRPRO300GOV,PRESBYTERIAN,government,PRESBYTERIAN (Unknown),0.3
ent_BRAAGR,BRAZIL,organization,BRAZIL (BRA),0.3
ent_bod,BODO,organization,BODO (Unknown),0.3
ent_ESPCHR,JEREZ,organization,JEREZ (ESP),0.3
ent_ESTLEG,ESTONIA,organization,ESTONIA (EST),0.3
ent_FJICVL,FIJI,organization,FIJI (FJI),0.3
ent_GBRIMY,ISLE OF MAN,organization,ISLE OF MAN (GBR),0.3
ent_HUNELIGOV,VIKTOR ORBAN,government,VIKTOR ORBAN (HUN),0.3
ent_IRLLEG,IRISH,organization,IRISH (IRL),0.3
ent_MEDJUD,NEWS AGENCY,organization,NEWS AGENCY (Unknown),0.3
ent_JPNELI,JAPANESE,organization,JAPANESE (JPN),0.3
ent_MMRREB,MYANMAR,organization,MYANMAR (MMR),0.3
ent_yor,YORUBA,organization,YORUBA (Unknown),0.3
ent_PERGOV,PERU,government,PERU (PER),0.3
ent_SEAGOV,SOUTH EAST ASIA,government,SOUTH EAST ASIA (SEA),0.3
ent_CHRCTH441,FRANCISCANS,organization,FRANCISCANS (Unknown),0.3
ent_JUDBUS,ADVOCATE,organization,ADVOCATE (Unknown),0.3
ent_don,DONG,organization,DONG (Unknown),0.3
ent_kas,KASHMIRI,organization,KASHMIRI (Unknown),0.3
ent_AFGCOP,AFGHANISTAN,organization,AFGHANISTAN (AFG),0.3
ent_AFGMED,AFGHANISTAN,organization,AFGHANISTAN (AFG),0.3
ent_AFGINSTALMIL,TALIBAN,military,TALIBAN (AFG),0.3
ent_ALBCVL,ALBANIA,organization,ALBANIA (ALB),0.3
ent_BGDREF,BANGLADESHI,organization,BANGLADESHI (BGD),0.3
ent_CANPTY,ONTARIO,organization,ONTARIO (CAN),0.3
ent_COLJUD,COLOMBIA,organization,COLOMBIA (COL),0.3
ent_MILBUS,NAVY,organization,NAVY (Unknown),0.3
ent_PNGGOV,JOHN PUNDARI,government,JOHN PUNDARI (PNG),0.3
ent_MOSOPP,ISLAMIC,organization,ISLAMIC (Unknown),0.3
ent_IGOBUSWTO,WORLD TRADE ORGANIZATION,organization,WORLD TRADE ORGANIZATION (Unknown),0.3
ent_USAGOVMEDASA,RADIO FREE ASIA,organization,RADIO FREE ASIA (USA),0.3
ent_PSEREBOPP,HAMAS,organization,HAMAS (PSE),0.3
ent_KENHLH,NAIROBI,organization,NAIROBI (KEN),0.3
ent_KENLEG,KENYA,organization,KENYA (KEN),0.3
ent_KENJUD,KENYA,organization,KENYA (KEN),0.3
ent_KENLAB,KENYA,organization,KENYA (KEN),0.3
ent_AFGINSTALSPY,TALIBAN,organization,TALIBAN (AFG),0.3
ent_PNGMIL,PAPUA NEW GUINEA,military,PAPUA NEW GUINEA (PNG),0.3
ent_MNCSGP,SINGTEL,organization,SINGTEL (SGP),0.3
ent_MNCUSAAGR,PHILIP MORRIS,organization,PHILIP MORRIS (USA),0.3
ent_mar,MARATHI,organization,MARATHI (Unknown),0.3
ent_PAKREB,PAKISTAN,organization,PAKISTAN (PAK),0.3
ent_SCGSRBREF,SERBIA,organization,SERBIA (SRB),0.3
ent_USAHRI,AMERICAN CIVIL LIBERTIES UNION,organization,AMERICAN CIVIL LIBERTIES UNION (USA),0.3
ent_FRABUS,FRENCH,organization,FRENCH (FRA),0.3
ent_MEDLEG,JOURNALIST,organization,JOURNALIST (Unknown),0.3
ent_SYRMIL,SYRIA,military,SYRIA (SYR),0.3
ent_AUTELI,AUSTRIA,organization,AUSTRIA (AUT),0.3
ent_MILUAF,COMMANDER,organization,COMMANDER (Unknown),0.3
ent_NZLGOVENV,NEW ZEALAND,organization,NEW ZEALAND (NZL),0.3
ent_AUSGOVAGR,AUSTRALIA,organization,AUSTRALIA (AUS),0.3
ent_MKDPTY,MACEDONIA,organization,MACEDONIA (MKD),0.3
ent_SAUBUS,SAUDI ARABIAN,organization,SAUDI ARABIAN (SAU),0.3
ent_CHECOP,SWITZERLAND,organization,SWITZERLAND (CHE),0.3
ent_COPLEG,DEPUTY,organization,DEPUTY (Unknown),0.3
ent_CRMCOP,ORGANIZED CRIME,organization,ORGANIZED CRIME (Unknown),0.3
ent_VENSPY,VENEZUELA,organization,VENEZUELA (VEN),0.3
ent_CUBBUS,LA HABANA,organization,LA HABANA (CUB),0.3
ent_CUBEDU,HAVANA,organization,HAVANA (CUB),0.3
ent_FJIMIL,FIJI,military,FIJI (FJI),0.3
ent_FJIELI,FIJI,organization,FIJI (FJI),0.3
ent_GUYEDU,GEORGETOWN,organization,GEORGETOWN (GUY),0.3
ent_IGOEURSCE,OSCE,organization,OSCE (EUR),0.3
ent_LCAGOV,STEPHENSON,government,STEPHENSON (LCA),0.3
ent_MEXELI,MEXICO,organization,MEXICO (MEX),0.3
ent_MKDELI,RADMILA SEKERINSKA,organization,RADMILA SEKERINSKA (MKD),0.3
ent_NAMMIL,NAMIBIA,military,NAMIBIA (NAM),0.3
ent_MOSRAD,ISLAMIC,organization,ISLAMIC (Unknown),0.3
ent_SLBGOV,JEREMIAH MANELE,government,JEREMIAH MANELE (SLB),0.3
ent_UGASEP,LORD RESISTANCE ARMY,organization,LORD RESISTANCE ARMY (UGA),0.3
ent_aar,AFAR,organization,AFAR (Unknown),0.3
ent_AFRCOP,AFRICA,organization,AFRICA (AFR),0.3
ent_ELIHLH,RETIRED,organization,RETIRED (Unknown),0.3
ent_GBRCRM,GLASGOW,organization,GLASGOW (GBR),0.3
ent_IDNCOP,BALI,organization,BALI (IDN),0.3
ent_IGOSASSAA,SOUTH ASIAN ASSOCIATION,organization,SOUTH ASIAN ASSOCIATION (SAS),0.3
ent_AFGREF,AFGHAN,organization,AFGHAN (AFG),0.3
ent_BLRCVL,BELARUS,organization,BELARUS (BLR),0.3
ent_BLROPP,BELARUSIAN,organization,BELARUSIAN (BLR),0.3
ent_GNQ,EQUATORIAL GUINEA,country,EQUATORIAL GUINEA (GNQ),0.3
ent_COKGOV,COOK ISLANDS,government,COOK ISLANDS (COK),0.3
ent_ZAFCOP,SOUTH AFRICAN,organization,SOUTH AFRICAN (ZAF),0.3
ent_SLBMED,SOLOMONS,organization,SOLOMONS (SLB),0.3
ent_ibo,IGBO,organization,IGBO (Unknown),0.3
ent_ELILAB,ACTOR,organization,ACTOR (Unknown),0.3
ent_PAKELI,NAWAZ SHARIF,organization,NAWAZ SHARIF (PAK),0.3
ent_KWTGOVMED,KUWAIT,organization,KUWAIT (KWT),0.3
ent_MYSBUS,MALAYSIA,organization,MALAYSIA (MYS),0.3
ent_SLBELI,SOLOMON ISLAND,organization,SOLOMON ISLAND (SLB),0.3
ent_SLBGOVBUSELI,PETER SHANEL,organization,PETER SHANEL (SLB),0.3
ent_SLB,SOLOMON ISLAND,country,SOLOMON ISLAND (SLB),0.3
ent_MOZLAB,MOZAMBIQUE,organization,MOZAMBIQUE (MOZ),0.3
ent_FRAJUD,FRENCH,organization,FRENCH (FRA),0.3
ent_NGOHRIMED,COMMITTEE TO PROTECT JOURNALISTS,organization,COMMITTEE TO PROTECT JOURNALISTS (Unknown),0.3
ent_MOZCOP,MOZAMBIQUE,organization,MOZAMBIQUE (MOZ),0.3
ent_hut,HUTU,organization,HUTU (Unknown),0.3
ent_znd,AZERI,organization,AZERI (Unknown),0.3
ent_CVLGOVBUS,COMMUNITY,organization,COMMUNITY (Unknown),0.3
ent_CRB,WEST INDIES,country,WEST INDIES (CRB),0.3
ent_ISRBUS,ISRAEL,organization,ISRAEL (ISR),0.3
ent_EURLEG,EUROPE,organization,EUROPE (EUR),0.3
ent_IGOEUREECLEG,THE EU,organization,THE EU (EUR),0.3
ent_JORCRM,JORDAN,organization,JORDAN (JOR),0.3
ent_NERGOV,NIGER,government,NIGER (NER),0.3
ent_MEXCVL,MEXICAN,organization,MEXICAN (MEX),0.3
ent_chrMED,CHEROKEE,organization,CHEROKEE (Unknown),0.3
ent_idgBUS,INDIGENOUS,organization,INDIGENOUS (Unknown),0.3
ent_ltn,LATINOS,organization,LATINOS (Unknown),0.3
ent_MOSMOS,MULLAH,organization,MULLAH (Unknown),0.3
ent_AFGREL,HERAT,organization,HERAT (AFG),0.3
ent_IRNCHR,IRAN,organization,IRAN (IRN),0.3
ent_CHRSYN040,SPIRITUAL BAPTIST,organization,SPIRITUAL BAPTIST (Unknown),0.3
ent_nah,NAHUA,organization,NAHUA (Unknown),0.3
ent_GBRSHN,ST HELENA,organization,ST HELENA (GBR),0.3
ent_IRLHLH,LIMERICK,organization,LIMERICK (IRL),0.3
ent_ISRELI,ISRAEL,organization,ISRAEL (ISR),0.3
ent_JEWUDX,ULTRA ORTHODOX,organization,ULTRA ORTHODOX (Unknown),0.3
ent_MILJUD,MILITARY TRIBUNAL,organization,MILITARY TRIBUNAL (Unknown),0.3
ent_MILCVL,ARMY,organization,ARMY (Unknown),0.3
ent_MOSJUD,MUSLIM,organization,MUSLIM (Unknown),0.3
ent_MOSSHIEDU,SHIA,organization,SHIA (Unknown),0.3
ent_NGAOPP,NIGERIA,organization,NIGERIA (NGA),0.3
ent_ZAFBUS,SOUTH AFRICAN,organization,SOUTH AFRICAN (ZAF),0.3
ent_ZWEGOVPTY,ZIMBABWE,organization,ZIMBABWE (ZWE),0.3
ent_ZWEMED,ZIMBABWE,organization,ZIMBABWE (ZWE),0.3
ent_CHRRAD,FUNDAMENTALIST CHRISTIAN,organization,FUNDAMENTALIST CHRISTIAN (Unknown),0.3
ent_COLLEG,COLOMBIA,organization,COLOMBIA (COL),0.3
ent_COLPTY,COLOMBIA,organization,COLOMBIA (COL),0.3
ent_COM,COMOROS,country,COMOROS (COM),0.3
ent_HINRAD,VISHWA HINDU PARISHAD,organization,VISHWA HINDU PARISHAD (Unknown),0.3
ent_HUNELI,VIKTOR ORBAN,organization,VIKTOR ORBAN (HUN),0.3
ent_LBYGOV,MUAMMAR GADDAFI,government,MUAMMAR GADDAFI (LBY),0.3
ent_MNCCHE,CREDIT SUISSE,organization,CREDIT SUISSE (CHE),0.3
ent_RUSBUS,RUSSIAN,organization,RUSSIAN (RUS),0.3
ent_ATG,ANTIGUA AND BARBUDA,country,ANTIGUA AND BARBUDA (ATG),0.3
ent_CUBELIGOV,FIDEL CASTRO,government,FIDEL CASTRO (CUB),0.3
ent_tms,TAMA,organization,TAMA (Unknown),0.3
ent_IRQSPY,IRAQ,organization,IRAQ (IRQ),0.3
ent_KENMIL,KENYA,military,KENYA (KEN),0.3
ent_SGPCVL,SINGAPORE,organization,SINGAPORE (SGP),0.3
ent_TWNCVL,TAIWAN,organization,TAIWAN (TWN),0.3
ent_VENLEG,VENEZUELA,organization,VENEZUELA (VEN),0.3
ent_VNMHLH,HO CHI MINH CITY,organization,HO CHI MINH CITY (VNM),0.3
ent_VNMCOP,HO CHI MINH CITY,organization,HO CHI MINH CITY (VNM),0.3
ent_HINDEN112HLH,KULA,organization,KULA (Unknown),0.3
ent_PERCVL,LIMA,organization,LIMA (PER),0.3
ent_uig,UYGHUR,organization,UYGHUR (Unknown),0.3
ent_CHRPRO310CVL,QUAKER,organization,QUAKER (Unknown),0.3
ent_GOVUAF,REGIME,organization,REGIME (Unknown),0.3
ent_IGOUNOIAEGOV,IAEA,government,IAEA (Unknown),0.3
ent_IGOUNOJUDICJ,INTERNATIONAL COURT OF JUSTICE,organization,INTERNATIONAL COURT OF JUSTICE (Unknown),0.3
ent_IRQCVL,BAGHDAD,organization,BAGHDAD (IRQ),0.3
ent_tibLEG,TIBETAN,organization,TIBETAN (Unknown),0.3
ent_IGOSAFSAD,SADC,organization,SADC (SAF),0.3
ent_CHRMAY200CVL,THE LOCAL CHURCH,organization,THE LOCAL CHURCH (Unknown),0.3
ent_CHRRAC024,CHURCH OF ISRAEL,organization,CHURCH OF ISRAEL (Unknown),0.3
ent_PSECHR,PALESTINIAN,organization,PALESTINIAN (PSE),0.3
ent_ISRREL,ISRAEL,organization,ISRAEL (ISR),0.3
ent_bar,BARI,organization,BARI (Unknown),0.3
ent_bas,BASSA,organization,BASSA (Unknown),0.3
ent_LEGLAB,CONGRESS,organization,CONGRESS (Unknown),0.3
ent_GUYCOP,GEORGETOWN,organization,GEORGETOWN (GUY),0.3
ent_MOSLEG,MUSLIM,organization,MUSLIM (Unknown),0.3
ent_AFRCRM,AFRICA,organization,AFRICA (AFR),0.3
ent_BGDCOP,JAMALPUR,organization,JAMALPUR (BGD),0.3
ent_CHRPRO353,CHURCH OF NORTH INDIA,organization,CHURCH OF NORTH INDIA (Unknown),0.3
ent_FRAELI,PARIS,organization,PARIS (FRA),0.3
ent_ITAJUD,ITALY,organization,ITALY (ITA),0.3
ent_NGOUSACHRPRO,VOLUNTEERS OF AMERICA,organization,VOLUNTEERS OF AMERICA (USA),0.3
ent_THAPTY,THAILAND,organization,THAILAND (THA),0.3
ent_DNKSPY,DENMARK,organization,DENMARK (DNK),0.3
ent_ISRAGR,ISRAELI,organization,ISRAELI (ISR),0.3
ent_crp,CREOLE,organization,CREOLE (Unknown),0.3
ent_TONCOP,TONGA,organization,TONGA (TON),0.3
ent_AUTLEG,VIENNA,organization,VIENNA (AUT),0.3
ent_BUD,BUDDHIST,country,BUDDHIST (Unknown),0.3
ent_SGPBUS,SINGAPORE,organization,SINGAPORE (SGP),0.3
ent_COPJUD,DEPUTY,organization,DEPUTY (Unknown),0.3
ent_FRAPTY,FRENCH,organization,FRENCH (FRA),0.3
ent_GBRGOVPTY,IAIN DUNCAN SMITH,organization,IAIN DUNCAN SMITH (GBR),0.3
ent_HUNCVL,HUNGARIAN,organization,HUNGARIAN (HUN),0.3
ent_HUNMED,HUNGARIAN,organization,HUNGARIAN (HUN),0.3
ent_IGOUNOWFP,WORLD FOOD PROGRAM,organization,WORLD FOOD PROGRAM (Unknown),0.3
ent_VENCRM,VENEZUELA,organization,VENEZUELA (VEN),0.3
ent_UGABUS,UGANDA,organization,UGANDA (UGA),0.3
ent_MOZLEG,MOZAMBIQUE,organization,MOZAMBIQUE (MOZ),0.3
ent_NZLMED,NEW ZEALAND,organization,NEW ZEALAND (NZL),0.3
ent_PRTMED,PORTUGAL,organization,PORTUGAL (PRT),0.3
ent_PSELAB,WEST BANK,organization,WEST BANK (PSE),0.3
ent_SYRPTY,SYRIA,organization,SYRIA (SYR),0.3
ent_hawGOV,HAWAIIAN,government,HAWAIIAN (Unknown),0.3
ent_AUSGOVMED,AUSTRALIA,organization,AUSTRALIA (AUS),0.3
ent_BUSSPY,BUSINESS,organization,BUSINESS (Unknown),0.3
ent_CANMED,CANADIAN,organization,CANADIAN (CAN),0.3
ent_DNKCVL,DANISH,organization,DANISH (DNK),0.3
ent_EDUCHR,UNIVERSITY,organization,UNIVERSITY (Unknown),0.3
ent_EDUJUD,COLLEGE,organization,COLLEGE (Unknown),0.3
ent_IGOASABUS,BIMSTEC,organization,BIMSTEC (ASA),0.3
ent_IRNUIG,IRAN,organization,IRAN (IRN),0.3
ent_ITAELI,ITALY,organization,ITALY (ITA),0.3
ent_ITACVL,ITALIAN,organization,ITALIAN (ITA),0.3
ent_IGOSEABUS,BIMSTEC,organization,BIMSTEC (SEA),0.3
ent_NERBUS,NIGER,organization,NIGER (NER),0.3
ent_PSEREBUAF,HAMAS,organization,HAMAS (PSE),0.3
ent_UIG,UYGUR,country,UYGUR (Unknown),0.3
ent_UKRBUS,UKRAINE,organization,UKRAINE (UKR),0.3
ent_FRAREL,FRANCE,organization,FRANCE (FRA),0.3
ent_CANGOVMED,CANADIAN,organization,CANADIAN (CAN),0.3
ent_MEDGOVBUS,PUBLICATION,organization,PUBLICATION (Unknown),0.3
ent_FRALEG,FRANCE,organization,FRANCE (FRA),0.3
ent_GBRREL,UNITED KINGDOM,organization,UNITED KINGDOM (GBR),0.3
ent_MDAGOV,MOLDOVA,government,MOLDOVA (MDA),0.3
ent_ZAFCVL,SOWETO,organization,SOWETO (ZAF),0.3
ent_ZAFGOVMED,PAUL MASHATILE,organization,PAUL MASHATILE (ZAF),0.3
ent_CHNLAB,CHINESE,organization,CHINESE (CHN),0.3
ent_FJIJUD,SUVA,organization,SUVA (FJI),0.3
ent_GBRVGB,BRITISH VIRGIN ISLANDS,organization,BRITISH VIRGIN ISLANDS (GBR),0.3
ent_ISRGOVEDU,GIDEON SAAR,organization,GIDEON SAAR (ISR),0.3
ent_JUDCHR,LAWYER,organization,LAWYER (Unknown),0.3
ent_MARCVL,MOROCCAN,organization,MOROCCAN (MAR),0.3
ent_MILELI,COMMANDER,organization,COMMANDER (Unknown),0.3
ent_OPPMED,HUMAN RIGHTS ACTIVIST,organization,HUMAN RIGHTS ACTIVIST (Unknown),0.3
ent_PERCOP,PERU,organization,PERU (PER),0.3
ent_PERJUD,PERU,organization,PERU (PER),0.3
ent_BRNGOV,BRUNEI,government,BRUNEI (BRN),0.3
ent_DNKGOVGOVMIL,TROELS LUND POULSEN,military,TROELS LUND POULSEN (DNK),0.3
ent_CRMCVL,CRIMINAL,organization,CRIMINAL (Unknown),0.3
ent_JPNCRM,SAGA,organization,SAGA (JPN),0.3
ent_ZAFMED,SOUTH AFRICAN,organization,SOUTH AFRICAN (ZAF),0.3
ent_HINCVL,HINDU,organization,HINDU (Unknown),0.3
ent_IGOREFIOM,INTERNATIONAL ORGANIZATION FOR MIGRATION,organization,INTERNATIONAL ORGANIZATION FOR MIGRATION (Unknown),0.3
ent_IMGSEAMOSJMA,ABU BAKAR,organization,ABU BAKAR (SEA),0.3
ent_JEWUDXEDU,HAREDI,organization,HAREDI (Unknown),0.3
ent_CHRANG001,ANGLICAN,organization,ANGLICAN (Unknown),0.3
ent_KENELI,NAIROBI,organization,NAIROBI (KEN),0.3
ent_VNMBUS,VIETNAM,organization,VIETNAM (VNM),0.3
ent_JPNCOP,JAPANESE,organization,JAPANESE (JPN),0.3
ent_BLRMED,BELARUS,organization,BELARUS (BLR),0.3
ent_BRAGOVHLH,BRAZIL,organization,BRAZIL (BRA),0.3
ent_zha,ZHUANG,organization,ZHUANG (Unknown),0.3
ent_EARNRM010,FALUN GONG,organization,FALUN GONG (Unknown),0.3
ent_EARNRM010CVL,FALUN GONG,organization,FALUN GONG (Unknown),0.3
ent_USAREB,UNITED STATES,organization,UNITED STATES (USA),0.3
ent_FRAOPP,FRENCH,organization,FRENCH (FRA),0.3
ent_LIE,LICHTENSTEIN,country,LICHTENSTEIN (LIE),0.3
ent_MNCUSAMIL,DELTA AIR LINES,military,DELTA AIR LINES (USA),0.3
ent_PSECOP,WEST BANK,organization,WEST BANK (PSE),0.3
ent_RELCOP,ABBOT,organization,ABBOT (Unknown),0.3
ent_BGRCVL,PLOVDIV,organization,PLOVDIV (BGR),0.3
ent_BGREDU,SOFIA,organization,SOFIA (BGR),0.3
ent_OPPJUD,ACTIVIST,organization,ACTIVIST (Unknown),0.3
ent_MNCCHNMED,CHINA MOBILE,organization,CHINA MOBILE (CHN),0.3
ent_PTYLEG,POLITICAL PARTY,organization,POLITICAL PARTY (Unknown),0.3
ent_UKRSPY,UKRAINIAN,organization,UKRAINIAN (UKR),0.3
ent_SUR,SURINAME,country,SURINAME (SUR),0.3
ent_dayCVL,DAYAK,organization,DAYAK (Unknown),0.3
ent_CANLAB,ALBERTA,organization,ALBERTA (CAN),0.3
ent_COPGOVHLH,DEPUTY,organization,DEPUTY (Unknown),0.3
ent_CRIGOV,COSTA RICA,government,COSTA RICA (CRI),0.3
ent_MOSALE,ALAWI,organization,ALAWI (Unknown),0.3
ent_KENHRI,KENYA HUMAN RIGHTS COMMISSION,organization,KENYA HUMAN RIGHTS COMMISSION (KEN),0.3
ent_NZLLEG,NEW ZEALAND,organization,NEW ZEALAND (NZL),0.3
ent_day,DAYAK,organization,DAYAK (Unknown),0.3
ent_ibaCVL,IBAN,organization,IBAN (Unknown),0.3
ent_iba,IBAN,organization,IBAN (Unknown),0.3
ent_AFGINSTALGOVEDU,TALIBAN,organization,TALIBAN (AFG),0.3
ent_INDMED,DELHI,organization,DELHI (IND),0.3
ent_RUSOPP,ROSTOV,organization,ROSTOV (RUS),0.3
ent_AFRLEG,AFRICA,organization,AFRICA (AFR),0.3
ent_AZEMED,AZERBAIJAN,organization,AZERBAIJAN (AZE),0.3
ent_ESPCVL,SPAIN,organization,SPAIN (ESP),0.3
ent_GMBCVL,GAMBIA,organization,GAMBIA (GMB),0.3
ent_GMBEDU,GAMBIA,organization,GAMBIA (GMB),0.3
ent_IGOEURDEVEBR,EUROPEAN BANK FOR RECONSTRUCTION AND DEVELOPMENT,organization,EUROPEAN BANK FOR RECONSTRUCTION AND DEVELOPMENT (EUR),0.3
ent_IRLGOVDEV,IRELAND,organization,IRELAND (IRL),0.3
ent_LBRCVL,LIBERIA,organization,LIBERIA (LBR),0.3
ent_LBRHLH,MONROVIA,organization,MONROVIA (LBR),0.3
ent_SYRGOVMED,SYRIAN,organization,SYRIAN (SYR),0.3
ent_AFRJUD,AFRICA,organization,AFRICA (AFR),0.3
ent_ECUCVL,ECUADORIAN,organization,ECUADORIAN (ECU),0.3
ent_ESPCRM,SPAIN,organization,SPAIN (ESP),0.3
ent_FRAGLP,GUADELOUPE,organization,GUADELOUPE (FRA),0.3
ent_FRAHLH,PARIS,organization,PARIS (FRA),0.3
ent_GBRFLKELI,DONALD LAMONT,organization,DONALD LAMONT (GBR),0.3
ent_KHMCRM,CAMBODIAN,organization,CAMBODIAN (KHM),0.3
ent_PANELI,FRANCISCO RODRIGUEZ,organization,FRANCISCO RODRIGUEZ (PAN),0.3
ent_CYMELI,JAMES RYAN,organization,JAMES RYAN (CYM),0.3
ent_MEDEDU,NEWSPAPER,organization,NEWSPAPER (Unknown),0.3
ent_chyCOP,CHEYENNE,organization,CHEYENNE (Unknown),0.3
ent_mnnGOV,MANO,government,MANO (Unknown),0.3
ent_CHRPRO117,SEVENTH DAY ADVENTIST CHURCH,organization,SEVENTH DAY ADVENTIST CHURCH (Unknown),0.3
ent_YEMOPP,YEMEN,organization,YEMEN (YEM),0.3
ent_BHRHRI,BAHRAINI,organization,BAHRAINI (BHR),0.3
ent_CUBELI,CUBA,organization,CUBA (CUB),0.3
ent_CVLELI,CIVIL SOCIETY,organization,CIVIL SOCIETY (Unknown),0.3
ent_ELIGOV,RETIRED,government,RETIRED (Unknown),0.3
ent_IRNAGR,IRAN,organization,IRAN (IRN),0.3
ent_ITAREL,ITALY,organization,ITALY (ITA),0.3
ent_PSEMED,GAZA,organization,GAZA (PSE),0.3
ent_SGPGOV,SINGAPORE,government,SINGAPORE (SGP),0.3
ent_SSDJUD,SOUTH SUDAN,organization,SOUTH SUDAN (SSD),0.3
ent_VATMED,VATICAN,organization,VATICAN (VAT),0.3
ent_fan,FANG,organization,FANG (Unknown),0.3
ent_EGYREB,EGYPT,organization,EGYPT (EGY),0.3
ent_FRACOP,FRENCH,organization,FRENCH (FRA),0.3
ent_SPYSPY,INTELLIGENCE,organization,INTELLIGENCE (Unknown),0.3
ent_LBNLAB,LEBANON,organization,LEBANON (LBN),0.3
ent_ogoHRI,OGONI,organization,OGONI (Unknown),0.3
ent_SDNGOV,SUDAN,government,SUDAN (SDN),0.3
ent_SENCVL,SENEGAL,organization,SENEGAL (SEN),0.3
ent_LABBUS,EMPLOYEE,organization,EMPLOYEE (Unknown),0.3
ent_IGOBUSPRC,PARIS CLUB,organization,PARIS CLUB (Unknown),0.3
ent_TTOGOVEDU,TIM GOPEESINGH,organization,TIM GOPEESINGH (TTO),0.3
ent_JUDREL,RELIGIOUS COURT,organization,RELIGIOUS COURT (Unknown),0.3
ent_ALBREF,ALBANIA,organization,ALBANIA (ALB),0.3
ent_GOVPTYLEG,RULING PARTY,organization,RULING PARTY (Unknown),0.3
ent_ZWELEG,ZIMBABWE,organization,ZIMBABWE (ZWE),0.3
ent_nagMIL,NAGA,military,NAGA (Unknown),0.3
ent_INDGOVAGR,VENKAIAH NAIDU,organization,VENKAIAH NAIDU (IND),0.3
ent_LCAMIL,SAINT LUCIA,military,SAINT LUCIA (LCA),0.3
ent_MEXOPP,MEXICO,organization,MEXICO (MEX),0.3
ent_nepELI,NEPALI,organization,NEPALI (Unknown),0.3
ent_GBRGOVJUD,DAVID CAMERON,organization,DAVID CAMERON (GBR),0.3
ent_GOVCVL,SOVEREIGN,organization,SOVEREIGN (Unknown),0.3
ent_AUSREL,AUSTRALIA,organization,AUSTRALIA (AUS),0.3
ent_IGODEVIAD,IGAD,organization,IGAD (Unknown),0.3
ent_EDUMOS,PROFESSOR,organization,PROFESSOR (Unknown),0.3
ent_JAMLAB,JAMAICA,organization,JAMAICA (JAM),0.3
ent_MNCCHEHLH,NOVARTIS,organization,NOVARTIS (CHE),0.3
ent_VNMMED,VIETNAM,organization,VIETNAM (VNM),0.3
ent_apaMIL,APACHE,military,APACHE (Unknown),0.3
ent_ypkCVL,YUPIK,organization,YUPIK (Unknown),0.3
ent_ypk,YUPIK,organization,YUPIK (Unknown),0.3
ent_LBNEDU,LEBANESE,organization,LEBANESE (LBN),0.3
ent_EGYEDU,CAIRO,organization,CAIRO (EGY),0.3
ent_LKAJUD,COLOMBO,organization,COLOMBO (LKA),0.3
ent_JORELIEDU,HASSAN,organization,HASSAN (JOR),0.3
ent_KOREDU,BUSAN,organization,BUSAN (KOR),0.3
ent_PHLCOP,PHILIPPINE,organization,PHILIPPINE (PHL),0.3
ent_QATGOVBUS,QATAR,organization,QATAR (QAT),0.3
ent_SOMCVL,SOMALI,organization,SOMALI (SOM),0.3
ent_shn,SHAN,organization,SHAN (Unknown),0.3
